raceMinute,started,atMile0,atMile1,atMile2,atMile3,atMile4,atMile5,atMile6,atMile7,atMile8,atMile9,atMile10,atMile11,atMile12,atMile13,atMile14,atMile15,atMile16,atMile17,atMile18,atMile19,atMile20,atMile21,atMile22,atMile23,atMile24,atMile25,atMile26,finished
0,0,0,0,0,0,0,0,0,0,0,0,0,0,0,0,0,0,0,0,0,0,0,0,0,0,0,0,0,0
2,2400,2400,0,0,0,0,0,0,0,0,0,0,0,0,0,0,0,0,0,0,0,0,0,0,0,0,0,0,0
4,4840,4840,0,0,0,0,0,0,0,0,0,0,0,0,0,0,0,0,0,0,0,0,0,0,0,0,0,0,0
6,6440,6440,0,0,0,0,0,0,0,0,0,0,0,0,0,0,0,0,0,0,0,0,0,0,0,0,0,0,0
8,8480,7720,760,0,0,0,0,0,0,0,0,0,0,0,0,0,0,0,0,0,0,0,0,0,0,0,0,0,0
10,10400,8000,2400,0,0,0,0,0,0,0,0,0,0,0,0,0,0,0,0,0,0,0,0,0,0,0,0,0,0
12,12800,8560,4240,0,0,0,0,0,0,0,0,0,0,0,0,0,0,0,0,0,0,0,0,0,0,0,0,0,0
14,14720,8760,5800,160,0,0,0,0,0,0,0,0,0,0,0,0,0,0,0,0,0,0,0,0,0,0,0,0,0
16,15680,7840,7080,760,0,0,0,0,0,0,0,0,0,0,0,0,0,0,0,0,0,0,0,0,0,0,0,0,0
18,15680,6240,7560,1880,0,0,0,0,0,0,0,0,0,0,0,0,0,0,0,0,0,0,0,0,0,0,0,0,0
20,15680,4480,7760,3400,40,0,0,0,0,0,0,0,0,0,0,0,0,0,0,0,0,0,0,0,0,0,0,0,0
22,15680,2520,8560,4320,280,0,0,0,0,0,0,0,0,0,0,0,0,0,0,0,0,0,0,0,0,0,0,0,0
24,15680,1000,8160,5760,760,0,0,0,0,0,0,0,0,0,0,0,0,0,0,0,0,0,0,0,0,0,0,0,0
26,15680,240,7520,6080,1800,40,0,0,0,0,0,0,0,0,0,0,0,0,0,0,0,0,0,0,0,0,0,0,0
28,15680,0,6200,6760,2560,160,0,0,0,0,0,0,0,0,0,0,0,0,0,0,0,0,0,0,0,0,0,0,0
30,15680,0,4360,7280,3720,320,0,0,0,0,0,0,0,0,0,0,0,0,0,0,0,0,0,0,0,0,0,0,0
32,17720,2040,3000,7600,4240,800,40,0,0,0,0,0,0,0,0,0,0,0,0,0,0,0,0,0,0,0,0,0,0
34,19720,4040,1760,7160,5080,1600,80,0,0,0,0,0,0,0,0,0,0,0,0,0,0,0,0,0,0,0,0,0,0
36,21720,6040,960,6400,6000,2120,200,0,0,0,0,0,0,0,0,0,0,0,0,0,0,0,0,0,0,0,0,0,0
38,23200,7520,400,5640,6120,3120,360,40,0,0,0,0,0,0,0,0,0,0,0,0,0,0,0,0,0,0,0,0,0
40,25120,8880,680,4520,6680,3520,800,40,0,0,0,0,0,0,0,0,0,0,0,0,0,0,0,0,0,0,0,0,0
42,27040,9440,1960,3320,6880,3760,1520,160,0,0,0,0,0,0,0,0,0,0,0,0,0,0,0,0,0,0,0,0,0
44,28960,9120,4160,2160,6360,5000,1880,240,40,0,0,0,0,0,0,0,0,0,0,0,0,0,0,0,0,0,0,0,0
46,30760,9280,5800,1400,5680,5640,2520,400,40,0,0,0,0,0,0,0,0,0,0,0,0,0,0,0,0,0,0,0,0
48,32400,9680,7000,920,5000,5720,3240,680,160,0,0,0,0,0,0,0,0,0,0,0,0,0,0,0,0,0,0,0,0
50,34000,9680,8040,1080,4200,6080,3280,1440,160,40,0,0,0,0,0,0,0,0,0,0,0,0,0,0,0,0,0,0,0
52,34960,8720,8960,1880,3200,6160,3960,1760,280,40,0,0,0,0,0,0,0,0,0,0,0,0,0,0,0,0,0,0,0
54,36880,8600,9480,3280,2360,5400,4920,2320,440,80,0,0,0,0,0,0,0,0,0,0,0,0,0,0,0,0,0,0,0
56,38400,8440,9440,4840,1880,5040,5200,2640,760,120,40,0,0,0,0,0,0,0,0,0,0,0,0,0,0,0,0,0,0
58,39480,7920,9760,5880,1520,4600,5280,2840,1440,200,40,0,0,0,0,0,0,0,0,0,0,0,0,0,0,0,0,0,0
60,40000,7000,9800,6800,1560,3760,5840,3200,1680,320,40,0,0,0,0,0,0,0,0,0,0,0,0,0,0,0,0,0,0
62,40000,5960,9280,7480,2160,3080,5400,3920,2160,400,120,40,0,0,0,0,0,0,0,0,0,0,0,0,0,0,0,0,0
64,40000,4520,8800,8280,3040,2400,4920,4640,2360,840,160,40,0,0,0,0,0,0,0,0,0,0,0,0,0,0,0,0,0
66,40000,2840,8840,8440,4360,1960,4640,4840,2440,1360,240,40,0,0,0,0,0,0,0,0,0,0,0,0,0,0,0,0,0
68,40000,1760,8280,9000,5080,1960,4000,4920,2960,1640,320,40,40,0,0,0,0,0,0,0,0,0,0,0,0,0,0,0,0
70,40000,640,7680,9520,5720,1840,3560,5120,3320,2000,440,120,40,0,0,0,0,0,0,0,0,0,0,0,0,0,0,0,0
72,40000,240,6960,9120,6320,2520,3080,4560,3920,2200,880,160,40,0,0,0,0,0,0,0,0,0,0,0,0,0,0,0,0
74,40000,120,6000,8560,7080,3120,2400,4320,4760,2000,1320,240,40,40,0,0,0,0,0,0,0,0,0,0,0,0,0,0,0
76,40000,0,5040,8240,7200,4120,2120,4280,4120,2880,1520,320,120,40,0,0,0,0,0,0,0,0,0,0,0,0,0,0,0
78,40000,0,3360,8320,7840,4680,2080,3480,4760,3000,1840,440,160,40,0,0,0,0,0,0,0,0,0,0,0,0,0,0,0
80,40000,0,2440,7760,8400,5080,2200,3000,4520,3520,2000,840,200,0,40,0,0,0,0,0,0,0,0,0,0,0,0,0,0
82,40000,0,1480,7240,8560,5360,2600,2960,4000,4280,1880,1280,200,120,40,0,0,0,0,0,0,0,0,0,0,0,0,0,0
84,40000,0,720,6440,8400,6400,3120,2400,3960,4160,2440,1480,320,120,40,0,0,0,0,0,0,0,0,0,0,0,0,0,0
86,40000,0,360,6040,7960,6600,3640,2200,3960,4080,2720,1760,480,160,0,40,0,0,0,0,0,0,0,0,0,0,0,0,0
88,40000,0,240,5120,7720,6680,4480,2200,3160,4480,2920,1920,800,200,40,40,0,0,0,0,0,0,0,0,0,0,0,0,0
90,40000,0,120,3800,7760,7320,4400,2720,2640,4400,3480,1760,1240,200,120,40,0,0,0,0,0,0,0,0,0,0,0,0,0
92,40000,0,40,3120,7000,7760,4840,2720,2760,3720,4040,2120,1400,320,120,0,40,0,0,0,0,0,0,0,0,0,0,0,0
94,40000,0,40,2120,6440,8200,5280,2920,2560,3800,3680,2640,1640,480,120,40,40,0,0,0,0,0,0,0,0,0,0,0,0
96,40000,0,0,1560,6160,7640,5840,3520,2240,3640,3960,2640,1720,800,120,120,40,0,0,0,0,0,0,0,0,0,0,0,0
98,40000,0,0,800,5800,7360,6280,4120,2320,2920,4120,3120,1640,1120,240,120,0,40,0,0,0,0,0,0,0,0,0,0,0
100,40000,0,0,480,5160,7200,6440,4120,2720,2720,3920,3480,1880,1360,320,160,0,40,0,0,0,0,0,0,0,0,0,0,0
102,40000,0,0,320,4160,7120,6800,4360,2960,2600,3520,3640,2360,1440,440,200,40,40,0,0,0,0,0,0,0,0,0,0,0
104,40000,0,0,200,3440,6840,6920,4840,2840,2600,3640,3480,2520,1640,720,160,120,0,40,0,0,0,0,0,0,0,0,0,0
106,40000,0,0,160,2680,6000,7520,5160,3120,2480,3480,3520,2800,1640,1000,280,120,0,40,0,0,0,0,0,0,0,0,0,0
108,40000,0,0,120,2120,5880,6640,5680,3880,2360,2920,3920,3000,1680,1280,320,120,40,40,0,0,0,0,0,0,0,0,0,0
110,40000,0,0,40,1600,5440,6560,5840,3960,3000,2480,3600,3320,2080,1360,440,120,120,0,40,0,0,0,0,0,0,0,0,0
112,40000,0,0,40,960,4800,6920,5880,4160,3200,2400,3400,3360,2360,1480,720,160,120,0,40,0,0,0,0,0,0,0,0,0
114,40000,0,0,40,600,4440,6360,6280,4560,3040,2600,3320,3200,2520,1640,960,280,80,40,40,0,0,0,0,0,0,0,0,0
116,40000,0,0,0,520,3680,6280,6720,4440,3080,2600,3280,3400,2720,1520,1240,320,120,40,40,0,0,0,0,0,0,0,0,0
118,40000,0,0,0,360,3000,5640,6480,5200,3400,2760,2720,3560,2840,2000,1320,440,120,120,0,40,0,0,0,0,0,0,0,0
120,40000,0,0,0,160,2600,5520,5960,5480,3760,3040,2480,3480,3040,2080,1360,720,160,120,0,40,0,0,0,0,0,0,0,0
122,40000,0,0,0,160,2160,5080,5880,5680,3960,3160,2400,3200,3160,2280,1560,880,240,120,40,40,0,0,0,0,0,0,0,0
124,40000,0,0,0,160,1680,4440,6240,5480,4440,3000,2520,3240,3040,2600,1400,1240,240,160,80,0,40,0,0,0,0,0,0,0
126,40000,0,0,0,80,1120,4080,6000,6160,4280,3360,2360,3200,3200,2600,1560,1280,440,120,120,0,40,0,0,0,0,0,0,0
128,40000,0,0,0,40,680,3960,5520,6240,4560,3120,2880,2600,3360,2840,2000,1160,680,200,80,40,40,0,0,0,0,0,0,0
130,40000,0,0,0,40,560,3400,5080,5960,5000,3560,2960,2520,3320,2880,2080,1360,840,240,80,80,0,40,0,0,0,0,0,0
132,40000,0,0,0,40,480,2840,5040,5480,5360,3800,3080,2520,3000,3040,2240,1360,1200,240,120,120,0,40,0,0,0,0,0,0
134,40000,0,0,0,40,360,2440,4640,5640,5280,4120,3280,2200,3160,2960,2560,1480,1120,440,120,80,40,40,0,0,0,0,0,0
136,40000,0,0,0,40,160,2160,4240,5760,5520,4040,3200,2440,3040,3200,2160,1920,1120,600,240,80,40,0,40,0,0,0,0,0
138,40000,0,0,0,0,160,1760,3680,5600,5800,4160,3280,2680,2720,3080,2760,1800,1280,800,240,80,80,0,40,0,0,0,0,0
140,40000,0,0,0,0,160,1200,3600,5200,5520,4840,3040,3200,2520,3040,2680,2120,1280,1080,240,120,120,0,40,0,0,0,0,0
142,40000,0,0,0,0,120,760,3400,4960,5480,4840,3640,3040,2480,2920,2960,2200,1400,1120,400,120,80,40,0,40,0,0,0,0
144,40000,0,0,0,0,80,640,2880,4920,5360,4960,3840,3280,2240,2960,2920,2320,1560,1040,560,240,80,80,0,40,0,0,0,0
146,40000,0,0,0,0,40,560,2600,4600,5320,5000,4040,3240,2280,2960,2880,2280,1920,1120,720,200,80,120,0,40,0,0,0,0
148,40000,0,0,0,0,40,520,2200,4000,5440,5280,4040,3160,2720,2640,2880,2520,1800,1200,1040,240,120,80,40,40,0,0,0,0
150,40000,0,0,0,0,40,360,2040,3600,5000,5440,4320,3160,2840,2600,2880,2600,1960,1360,1120,400,120,80,40,0,40,0,0,0
152,40000,0,0,0,0,40,280,1680,3320,4800,5320,4440,3360,3280,2280,2920,2680,2240,1360,1080,480,240,80,80,0,40,0,0,0
154,40000,0,0,0,0,40,120,1320,3200,4680,5160,4680,3680,3160,2320,2840,2760,2120,1760,1080,640,200,80,80,40,40,0,0,0
156,40000,0,0,0,0,40,120,840,3040,4600,5120,4840,3720,3200,2360,2840,2720,2240,1760,1080,1000,200,120,80,40,0,40,0,0
158,40000,0,0,0,0,0,160,640,2800,4360,5040,5000,3600,3400,2480,2680,2760,2280,1920,1120,1160,320,120,40,80,0,40,0,0
160,40000,0,0,0,0,0,160,520,2400,4000,5120,4880,4000,3080,2760,2560,2880,2400,2040,1360,920,480,240,80,80,0,40,0,0
162,40000,0,0,0,0,0,80,480,2160,3600,4840,5080,4120,3200,2960,2360,2800,2600,2160,1480,1040,600,200,80,80,40,0,40,0
164,40000,0,0,0,0,0,40,520,1920,3280,4480,5240,4120,3360,3320,2240,2800,2640,1880,1880,920,880,200,120,40,80,0,0,40
166,40000,0,0,0,0,0,40,400,1680,2960,4280,5080,4520,3600,3200,2320,2760,2520,2320,1600,1080,1040,280,160,40,80,0,0,40
168,40000,0,0,0,0,0,40,280,1240,3040,4160,5040,4600,3440,3360,2360,2720,2640,2200,1720,1360,1000,360,200,80,80,40,0,40
170,40000,0,0,0,0,0,40,160,840,2880,4320,4680,4760,3760,3200,2480,2640,2600,2360,2000,1240,1040,560,200,80,80,40,0,40
172,40000,0,0,0,0,0,40,120,680,2560,3960,4800,4720,3960,3000,2840,2480,2600,2480,2080,1480,920,760,240,120,40,80,0,40
174,40000,0,0,0,0,0,40,120,640,2320,3520,4640,4760,3960,3320,2880,2440,2800,2480,1880,1600,1040,960,280,160,40,40,40,40
176,40000,0,0,0,0,0,40,120,520,2000,3320,4680,4600,4040,3560,3160,2360,2600,2360,2120,1600,1120,1080,280,200,80,80,0,80
178,40000,0,0,0,0,0,40,80,480,1960,2840,4120,5040,4240,3400,3200,2280,2680,2680,1960,1760,1400,840,560,160,120,40,40,80
180,40000,0,0,0,0,0,0,80,480,1680,2640,4160,4680,4440,3560,3160,2360,2720,2520,2240,1840,1320,920,680,240,120,40,0,120
182,40000,0,0,0,0,0,0,40,400,1240,2840,3880,4440,4640,3680,3120,2600,2520,2480,2360,1960,1520,760,960,240,160,40,0,120
184,40000,0,0,0,0,0,0,40,280,920,2680,3840,4480,4400,3840,3120,2800,2440,2640,2440,1760,1600,1040,1000,280,160,80,40,120
186,40000,0,0,0,0,0,0,40,200,720,2440,3680,4480,4480,3880,3320,2840,2440,2560,2400,2000,1400,1320,840,520,160,120,0,160
188,40000,0,0,0,0,0,0,40,160,600,2360,3240,4440,4480,3920,3280,3200,2240,2440,2760,1800,1800,1200,880,640,240,120,0,160
190,40000,0,0,0,0,0,0,40,120,640,1920,3120,4120,4680,3880,3480,3160,2240,2640,2560,2080,1840,1280,880,760,240,120,40,160
192,40000,0,0,0,0,0,0,40,120,520,1920,2640,3960,4640,4200,3600,2960,2480,2520,2400,2200,1880,1400,920,960,280,120,0,240
194,40000,0,0,0,0,0,0,40,120,440,1680,2600,3760,4360,4480,3400,3120,2560,2480,2480,2400,1720,1520,1040,880,480,160,40,240
196,40000,0,0,0,0,0,0,40,80,440,1400,2560,3520,4400,4040,3880,3320,2560,2440,2560,2240,1920,1400,1360,760,600,200,0,280
198,40000,0,0,0,0,0,0,40,40,360,1080,2480,3560,4160,4320,3760,3120,2920,2400,2360,2600,1720,1760,1160,920,720,200,0,320
200,40000,0,0,0,0,0,0,40,0,360,600,2480,3400,4200,4360,3680,3320,3200,2080,2400,2520,2000,1680,1400,720,960,240,40,320
202,40000,0,0,0,0,0,0,0,40,200,600,2360,3200,4040,4320,3720,3480,3000,2320,2520,2240,2160,1720,1440,960,880,360,80,360
204,40000,0,0,0,0,0,0,0,40,160,600,2040,2880,3840,4360,4000,3520,2880,2400,2760,2120,2320,1680,1400,1200,720,600,40,440
206,40000,0,0,0,0,0,0,0,40,120,640,1840,2600,3760,4200,4160,3560,3040,2480,2400,2520,2320,1680,1400,1280,800,640,40,480
208,40000,0,0,0,0,0,0,0,40,120,520,1800,2360,3640,4000,4040,3720,3320,2480,2320,2480,2440,1680,1680,1200,760,840,40,520
210,40000,0,0,0,0,0,0,0,40,120,480,1480,2320,3400,4240,4080,3440,3240,2880,2240,2320,2480,1880,1640,1440,680,880,120,600
212,40000,0,0,0,0,0,0,0,40,120,440,1120,2400,3240,4000,4200,3520,3280,2960,2120,2600,2280,1920,1600,1400,960,800,280,720
214,40000,0,0,0,0,0,0,0,40,120,400,760,2320,3080,3920,4280,3520,3480,2800,2280,2640,2080,2240,1600,1400,1240,680,80,1040
216,40000,0,0,0,0,0,0,0,40,40,320,600,2280,2960,3920,4000,3720,3320,3000,2400,2560,2280,2280,1600,1440,1120,840,160,1120
218,40000,0,0,0,0,0,0,0,40,0,240,560,2080,2680,3600,4240,3920,3480,3000,2520,2240,2480,2280,1600,1600,1240,640,280,1280
220,40000,0,0,0,0,0,0,0,40,0,200,560,2000,2560,3320,4120,3720,3680,3120,2640,2280,2240,2600,1600,1520,1440,680,120,1560
222,40000,0,0,0,0,0,0,0,40,0,160,600,1800,2240,3480,3920,3920,3360,3240,2760,2320,2280,2400,1760,1520,1400,1000,120,1680
224,40000,0,0,0,0,0,0,0,0,40,120,560,1640,2120,3280,3960,4000,3320,3360,2760,2040,2680,2000,2120,1560,1320,1160,160,1800
226,40000,0,0,0,0,0,0,0,0,40,120,480,1280,2320,3080,3560,4320,3280,3400,2800,2160,2680,1960,2240,1640,1400,1080,200,1960
228,40000,0,0,0,0,0,0,0,0,40,120,480,1040,2080,2920,3760,4200,3240,3360,2920,2400,2200,2520,2160,1560,1520,1200,120,2160
230,40000,0,0,0,0,0,0,0,0,40,120,440,640,2120,2960,3560,3760,3680,3440,2960,2400,2360,2360,2320,1520,1480,1240,360,2240
232,40000,0,0,0,0,0,0,0,0,40,120,280,560,2040,2560,3440,3880,3760,3600,3000,2680,2160,2200,2280,1680,1520,1320,360,2520
234,40000,0,0,0,0,0,0,0,0,40,40,320,440,1960,2640,3200,3960,3640,3280,3280,2480,2400,2320,2160,1960,1440,1280,320,2840
236,40000,0,0,0,0,0,0,0,0,40,40,200,520,1840,2360,3160,3880,3760,3240,3320,2560,2200,2600,1960,2080,1640,1280,200,3120
238,40000,0,0,0,0,0,0,0,0,40,0,200,560,1760,1920,3200,3760,3880,3200,3320,2720,2280,2400,2120,2200,1440,1520,160,3320
240,40000,0,0,0,0,0,0,0,0,40,0,160,560,1480,2120,2840,3680,3920,3240,3280,2840,2160,2360,2440,2160,1480,1400,400,3440
242,40000,0,0,0,0,0,0,0,0,40,0,120,480,1160,2080,2760,3680,3760,3360,3280,2960,2400,2360,2080,2400,1480,1400,400,3800
244,40000,0,0,0,0,0,0,0,0,0,40,120,480,1000,1880,2800,3400,3520,3640,3440,2960,2560,2120,2200,2240,1760,1400,360,4080
246,40000,0,0,0,0,0,0,0,0,0,40,120,440,640,2040,2400,3240,3920,3560,3240,3240,2280,2320,2360,1880,2160,1520,200,4400
248,40000,0,0,0,0,0,0,0,0,0,40,120,440,400,2000,2600,2920,3840,3600,3160,3360,2400,2200,2520,1840,2200,1400,400,4560
250,40000,0,0,0,0,0,0,0,0,0,40,120,280,400,1960,2320,3040,3680,3640,3120,3280,2640,2280,2320,2200,2040,1440,320,4880
252,40000,0,0,0,0,0,0,0,0,0,40,80,240,440,1800,2040,3040,3600,3880,2920,3320,2800,2120,2280,2280,2240,1360,360,5160
254,40000,0,0,0,0,0,0,0,0,0,40,40,200,520,1720,1880,2880,3320,3920,3120,3280,2720,2440,2160,2160,2160,1640,360,5440
256,40000,0,0,0,0,0,0,0,0,0,40,0,200,520,1400,1960,2640,3480,3480,3360,3240,2880,2480,2240,2080,2120,1840,240,5800
258,40000,0,0,0,0,0,0,0,0,0,40,0,160,520,1040,2040,2600,3280,3480,3240,3320,3120,2240,2240,2440,1920,2040,360,5920
260,40000,0,0,0,0,0,0,0,0,0,40,0,160,440,1000,1880,2280,3120,3800,3480,3120,3240,2240,2240,2440,1920,2080,240,6280
262,40000,0,0,0,0,0,0,0,0,0,40,0,120,480,680,1840,2520,2680,3800,3560,2960,3240,2600,2120,2360,2240,1880,480,6400
264,40000,0,0,0,0,0,0,0,0,0,40,0,120,480,360,1960,2360,2800,3600,3680,2880,3160,2840,1960,2240,2320,2040,480,6680
266,40000,0,0,0,0,0,0,0,0,0,40,0,120,440,240,1920,2080,2880,3480,3760,2760,3320,2640,2280,2160,2120,2160,600,7000
268,40000,0,0,0,0,0,0,0,0,0,0,40,120,240,400,1840,1840,2960,3200,3520,3080,3280,2760,2320,2200,2080,1920,680,7520
270,40000,0,0,0,0,0,0,0,0,0,0,40,120,160,480,1680,1800,2600,3240,3400,3120,3360,2920,2240,2280,2200,1920,400,8040
272,40000,0,0,0,0,0,0,0,0,0,0,40,80,160,480,1400,1800,2520,3240,3440,3120,3120,3240,2160,2280,2400,1880,280,8360
274,40000,0,0,0,0,0,0,0,0,0,0,40,40,200,480,1040,1960,2240,3120,3560,3120,3080,3280,2320,2160,2320,2160,240,8640
276,40000,0,0,0,0,0,0,0,0,0,0,40,0,200,400,1040,1800,2280,2600,3720,3440,2800,3200,2720,2080,2080,2200,600,8800
278,40000,0,0,0,0,0,0,0,0,0,0,40,0,160,440,800,1800,2320,2560,3480,3640,2640,3200,2680,2200,2120,2080,680,9160
280,40000,0,0,0,0,0,0,0,0,0,0,40,0,120,480,520,1800,2160,2760,3320,3400,2800,3360,2680,2000,2280,2120,360,9800
282,40000,0,0,0,0,0,0,0,0,0,0,40,0,120,480,240,1880,1920,2720,3160,3560,2920,3240,2680,2160,2280,2200,320,10080
284,40000,0,0,0,0,0,0,0,0,0,0,40,0,120,440,240,1800,1800,2600,3160,3240,3000,3160,3160,2000,2320,2360,240,10320
286,40000,0,0,0,0,0,0,0,0,0,0,40,0,120,320,320,1680,1680,2440,3120,3280,3160,3000,3080,2240,2120,2280,600,10520
288,40000,0,0,0,0,0,0,0,0,0,0,40,0,120,160,480,1440,1680,2200,2960,3600,3040,2920,3120,2520,2040,2040,720,10920
290,40000,0,0,0,0,0,0,0,0,0,0,0,40,120,120,480,1080,1880,2120,2640,3720,3240,2640,3120,2760,2040,2080,520,11400
292,40000,0,0,0,0,0,0,0,0,0,0,0,40,40,200,480,920,1640,2400,2560,3400,3520,2480,3160,2760,1920,2240,400,11840
294,40000,0,0,0,0,0,0,0,0,0,0,0,40,40,160,400,840,1800,2160,2560,3160,3200,2920,3240,2600,2080,2320,240,12240
296,40000,0,0,0,0,0,0,0,0,0,0,0,40,0,160,440,600,1800,1920,2640,2960,3440,2800,3120,2840,2160,2120,560,12400
298,40000,0,0,0,0,0,0,0,0,0,0,0,40,0,160,440,320,1840,1840,2480,3240,3120,2920,2920,3000,2160,2200,520,12800
300,40000,0,0,0,0,0,0,0,0,0,0,0,40,0,120,480,200,1840,1720,2440,2960,3200,3120,2680,3160,2280,2120,400,13240
302,40000,0,0,0,0,0,0,0,0,0,0,0,40,0,120,440,200,1680,1680,2240,2880,3280,3080,2640,3240,2560,1960,400,13560
304,40000,0,0,0,0,0,0,0,0,0,0,0,40,0,120,320,320,1440,1680,2160,2760,3360,3200,2520,3160,2720,1760,680,13760
306,40000,0,0,0,0,0,0,0,0,0,0,0,40,0,120,240,400,1120,1840,2120,2440,3480,3200,2480,3240,2640,1840,400,14400
308,40000,0,0,0,0,0,0,0,0,0,0,0,40,0,120,120,480,920,1680,2320,2360,3160,3160,2760,3240,2560,2080,360,14640
310,40000,0,0,0,0,0,0,0,0,0,0,0,40,0,120,120,480,840,1680,2040,2520,2840,3320,2640,3120,2760,2000,560,14920
312,40000,0,0,0,0,0,0,0,0,0,0,0,40,0,40,200,360,760,1760,1640,2560,3000,3160,2760,2920,2880,2240,440,15240
314,40000,0,0,0,0,0,0,0,0,0,0,0,0,40,40,160,400,600,1600,1800,2400,2960,3120,2800,2760,3080,2400,280,15560
316,40000,0,0,0,0,0,0,0,0,0,0,0,0,40,0,160,440,280,1760,1680,2320,2880,3040,3000,2560,3080,2600,360,15800
318,40000,0,0,0,0,0,0,0,0,0,0,0,0,40,0,160,440,200,1760,1560,2000,2680,3480,3000,2520,3160,2520,480,16000
320,40000,0,0,0,0,0,0,0,0,0,0,0,0,40,0,120,480,160,1520,1600,2080,2520,3400,2960,2520,3040,2680,640,16240
322,40000,0,0,0,0,0,0,0,0,0,0,0,0,40,0,120,400,240,1240,1760,2080,2440,3080,2880,2680,3160,2680,440,16760
324,40000,0,0,0,0,0,0,0,0,0,0,0,0,40,0,120,280,320,1040,1600,2280,2280,2840,3200,2600,2920,2800,640,17040
326,40000,0,0,0,0,0,0,0,0,0,0,0,0,40,0,120,120,480,920,1640,1920,2440,2800,3120,2720,2800,2880,440,17560
328,40000,0,0,0,0,0,0,0,0,0,0,0,0,40,0,120,120,480,720,1760,1640,2240,3080,2960,2760,2480,3160,560,17880
330,40000,0,0,0,0,0,0,0,0,0,0,0,0,40,0,120,120,400,640,1720,1600,2200,2920,2920,2960,2520,3160,520,18160
332,40000,0,0,0,0,0,0,0,0,0,0,0,0,40,0,80,160,360,560,1560,1720,2000,2680,3200,2840,2480,3160,560,18600
334,40000,0,0,0,0,0,0,0,0,0,0,0,0,40,0,40,160,400,280,1760,1520,1960,2680,3120,2920,2440,3080,760,18840
336,40000,0,0,0,0,0,0,0,0,0,0,0,0,40,0,40,120,440,200,1640,1520,2040,2400,3160,2920,2360,3120,680,19320
338,40000,0,0,0,0,0,0,0,0,0,0,0,0,0,40,0,160,440,160,1440,1560,2080,2320,2800,3040,2480,2920,720,19840
340,40000,0,0,0,0,0,0,0,0,0,0,0,0,0,40,0,120,440,200,1120,1600,2120,2320,2600,3120,2640,2720,760,20200
342,40000,0,0,0,0,0,0,0,0,0,0,0,0,0,40,0,120,320,280,1000,1600,2000,2200,2800,2840,2760,2400,1000,20640
344,40000,0,0,0,0,0,0,0,0,0,0,0,0,0,40,0,120,240,360,920,1600,1640,2200,2960,2800,2800,2440,560,21320
346,40000,0,0,0,0,0,0,0,0,0,0,0,0,0,40,0,120,120,480,720,1720,1480,2160,2720,2960,2680,2480,560,21760
348,40000,0,0,0,0,0,0,0,0,0,0,0,0,0,40,0,120,120,440,600,1640,1520,1960,2600,3160,2680,2440,680,22000
350,40000,0,0,0,0,0,0,0,0,0,0,0,0,0,40,0,120,120,360,520,1560,1480,1960,2560,3120,2800,2240,640,22480
352,40000,0,0,0,0,0,0,0,0,0,0,0,0,0,40,0,120,120,360,280,1680,1520,1920,2400,3000,2720,2400,480,22960
354,40000,0,0,0,0,0,0,0,0,0,0,0,0,0,40,0,40,160,400,200,1520,1560,2000,2240,2680,3040,2480,440,23200
356,40000,0,0,0,0,0,0,0,0,0,0,0,0,0,40,0,40,120,440,160,1320,1520,2120,2160,2520,2880,2760,400,23520
358,40000,0,0,0,0,0,0,0,0,0,0,0,0,0,40,0,40,120,440,160,1080,1520,1960,2080,2840,2840,2640,560,23680
360,40000,0,0,0,0,0,0,0,0,0,0,0,0,0,40,0,0,120,440,200,960,1600,1680,2040,2800,2720,2720,560,24120
362,40000,0,0,0,0,0,0,0,0,0,0,0,0,0,0,40,0,120,320,280,920,1600,1520,2000,2600,3000,2520,640,24440
364,40000,0,0,0,0,0,0,0,0,0,0,0,0,0,0,40,0,120,200,400,720,1680,1440,1880,2520,2920,2800,480,24800
366,40000,0,0,0,0,0,0,0,0,0,0,0,0,0,0,40,0,120,120,480,560,1640,1320,1880,2560,3000,2600,560,25120
368,40000,0,0,0,0,0,0,0,0,0,0,0,0,0,0,40,0,120,120,440,440,1520,1520,1920,2320,2720,2880,600,25360
370,40000,0,0,0,0,0,0,0,0,0,0,0,0,0,0,40,0,120,120,360,360,1520,1480,1920,2280,2480,2880,680,25760
372,40000,0,0,0,0,0,0,0,0,0,0,0,0,0,0,40,0,120,120,360,240,1480,1480,1920,2160,2520,2720,760,26080
374,40000,0,0,0,0,0,0,0,0,0,0,0,0,0,0,40,0,120,120,360,160,1240,1520,1880,2120,2600,2800,560,26480
376,40000,0,0,0,0,0,0,0,0,0,0,0,0,0,0,40,0,40,120,440,160,1080,1520,1720,2040,2680,2680,600,26880
378,40000,0,0,0,0,0,0,0,0,0,0,0,0,0,0,40,0,40,120,440,160,960,1560,1640,1840,2560,2880,600,27160
380,40000,0,0,0,0,0,0,0,0,0,0,0,0,0,0,40,0,40,80,440,160,920,1600,1480,1800,2400,2960,520,27560
382,40000,0,0,0,0,0,0,0,0,0,0,0,0,0,0,40,0,0,120,320,280,800,1480,1360,1800,2520,2800,680,27800
384,40000,0,0,0,0,0,0,0,0,0,0,0,0,0,0,40,0,0,120,200,400,640,1560,1320,1840,2360,2600,720,28200
386,40000,0,0,0,0,0,0,0,0,0,0,0,0,0,0,40,0,0,120,160,400,600,1440,1360,1880,2280,2400,840,28480
388,40000,0,0,0,0,0,0,0,0,0,0,0,0,0,0,0,40,0,120,120,440,320,1480,1440,1880,2080,2560,560,28960
390,40000,0,0,0,0,0,0,0,0,0,0,0,0,0,0,0,40,0,120,120,360,280,1400,1440,1840,2040,2480,520,29360
392,40000,0,0,0,0,0,0,0,0,0,0,0,0,0,0,0,40,0,120,120,360,240,1200,1480,1800,1840,2600,640,29560
394,40000,0,0,0,0,0,0,0,0,0,0,0,0,0,0,0,40,0,120,120,360,160,1080,1520,1640,1800,2600,640,29920
396,40000,0,0,0,0,0,0,0,0,0,0,0,0,0,0,0,40,0,120,120,360,160,960,1560,1600,1640,2480,640,30320
398,40000,0,0,0,0,0,0,0,0,0,0,0,0,0,0,0,40,0,40,120,440,160,880,1600,1440,1560,2440,600,30680
400,40000,0,0,0,0,0,0,0,0,0,0,0,0,0,0,0,40,0,40,120,400,160,840,1480,1240,1800,2360,520,31000
402,40000,0,0,0,0,0,0,0,0,0,0,0,0,0,0,0,40,0,40,80,440,160,720,1560,1240,1800,2240,400,31280
404,40000,0,0,0,0,0,0,0,0,0,0,0,0,0,0,0,40,0,0,120,200,400,560,1560,1160,1920,2120,400,31520
406,40000,0,0,0,0,0,0,0,0,0,0,0,0,0,0,0,40,0,0,120,160,400,440,1360,1440,1800,1920,640,31680
408,40000,0,0,0,0,0,0,0,0,0,0,0,0,0,0,0,40,0,0,120,160,400,280,1400,1360,1680,1880,760,31920
410,40000,0,0,0,0,0,0,0,0,0,0,0,0,0,0,0,40,0,0,120,120,360,240,1320,1360,1600,1840,680,32320
412,40000,0,0,0,0,0,0,0,0,0,0,0,0,0,0,0,40,0,0,120,120,360,160,1160,1440,1600,1720,600,32680
414,40000,0,0,0,0,0,0,0,0,0,0,0,0,0,0,0,0,40,0,120,120,360,160,1000,1560,1440,1680,520,33000
416,40000,0,0,0,0,0,0,0,0,0,0,0,0,0,0,0,0,40,0,120,120,360,160,920,1600,1320,1600,480,33280
418,40000,0,0,0,0,0,0,0,0,0,0,0,0,0,0,0,0,40,0,120,120,360,160,840,1520,1200,1760,360,33520
420,40000,0,0,0,0,0,0,0,0,0,0,0,0,0,0,0,0,40,0,40,120,400,160,800,1480,1240,1800,160,33760
422,40000,0,0,0,0,0,0,0,0,0,0,0,0,0,0,0,0,40,0,40,120,400,160,640,1560,1080,1840,240,33880
424,40000,0,0,0,0,0,0,0,0,0,0,0,0,0,0,0,0,40,0,40,80,320,280,560,1360,1280,1720,400,33920
426,40000,0,0,0,0,0,0,0,0,0,0,0,0,0,0,0,0,40,0,0,120,200,360,400,1320,1320,1680,440,34120
428,40000,0,0,0,0,0,0,0,0,0,0,0,0,0,0,0,0,40,0,0,120,160,400,280,1240,1360,1520,560,34320
430,40000,0,0,0,0,0,0,0,0,0,0,0,0,0,0,0,0,40,0,0,120,160,360,200,1160,1440,1520,440,34560
432,40000,0,0,0,0,0,0,0,0,0,0,0,0,0,0,0,0,40,0,0,120,120,360,200,1000,1560,1440,280,34880
434,40000,0,0,0,0,0,0,0,0,0,0,0,0,0,0,0,0,40,0,0,120,120,360,160,1000,1520,1320,360,35000
436,40000,0,0,0,0,0,0,0,0,0,0,0,0,0,0,0,0,40,0,0,120,120,360,160,920,1480,1200,440,35160
438,40000,0,0,0,0,0,0,0,0,0,0,0,0,0,0,0,0,40,0,0,120,120,360,160,800,1480,1240,400,35280
440,40000,0,0,0,0,0,0,0,0,0,0,0,0,0,0,0,0,40,0,0,120,120,360,120,800,1480,1040,360,35560
442,40000,0,0,0,0,0,0,0,0,0,0,0,0,0,0,0,0,0,40,0,120,40,400,160,640,1440,1160,360,35640
444,40000,0,0,0,0,0,0,0,0,0,0,0,0,0,0,0,0,0,40,0,40,120,400,160,480,1320,1240,280,35920
446,40000,0,0,0,0,0,0,0,0,0,0,0,0,0,0,0,0,0,40,0,40,80,240,320,400,1240,1320,320,36000
448,40000,0,0,0,0,0,0,0,0,0,0,0,0,0,0,0,0,0,40,0,40,80,200,360,280,1160,1400,240,36200
450,40000,0,0,0,0,0,0,0,0,0,0,0,0,0,0,0,0,0,40,0,0,120,160,400,200,1080,1480,200,36320
452,40000,0,0,0,0,0,0,0,0,0,0,0,0,0,0,0,0,0,40,0,0,120,160,320,240,960,1560,160,36440
454,40000,0,0,0,0,0,0,0,0,0,0,0,0,0,0,0,0,0,40,0,0,120,120,360,160,960,1560,160,36520
456,40000,0,0,0,0,0,0,0,0,0,0,0,0,0,0,0,0,0,40,0,0,120,120,360,160,920,1440,240,36600
458,40000,0,0,0,0,0,0,0,0,0,0,0,0,0,0,0,0,0,40,0,0,120,120,360,160,800,1480,280,36640
460,40000,0,0,0,0,0,0,0,0,0,0,0,0,0,0,0,0,0,40,0,0,120,120,360,120,800,1480,160,36800
462,40000,0,0,0,0,0,0,0,0,0,0,0,0,0,0,0,0,0,40,0,0,120,120,360,120,640,1400,280,36920
464,40000,0,0,0,0,0,0,0,0,0,0,0,0,0,0,0,0,0,40,0,0,120,120,320,160,520,1280,480,36960
466,40000,0,0,0,0,0,0,0,0,0,0,0,0,0,0,0,0,0,40,0,0,120,40,400,160,440,1120,520,37160
468,40000,0,0,0,0,0,0,0,0,0,0,0,0,0,0,0,0,0,0,40,0,40,120,200,320,280,1120,440,37440
470,40000,0,0,0,0,0,0,0,0,0,0,0,0,0,0,0,0,0,0,40,0,40,80,200,360,200,1120,360,37600
472,40000,0,0,0,0,0,0,0,0,0,0,0,0,0,0,0,0,0,0,40,0,40,80,160,400,160,920,360,37840
474,40000,0,0,0,0,0,0,0,0,0,0,0,0,0,0,0,0,0,0,40,0,0,120,160,320,200,920,280,37960
476,40000,0,0,0,0,0,0,0,0,0,0,0,0,0,0,0,0,0,0,40,0,0,120,160,320,160,920,160,38120
478,40000,0,0,0,0,0,0,0,0,0,0,0,0,0,0,0,0,0,0,40,0,0,120,120,360,160,800,200,38200
480,40000,0,0,0,0,0,0,0,0,0,0,0,0,0,0,0,0,0,0,40,0,0,120,120,360,120,800,160,38280
482,40000,0,0,0,0,0,0,0,0,0,0,0,0,0,0,0,0,0,0,40,0,0,120,120,360,120,720,160,38360
484,40000,0,0,0,0,0,0,0,0,0,0,0,0,0,0,0,0,0,0,40,0,0,120,120,360,120,600,240,38400
486,40000,0,0,0,0,0,0,0,0,0,0,0,0,0,0,0,0,0,0,40,0,0,120,120,320,160,480,320,38440
488,40000,0,0,0,0,0,0,0,0,0,0,0,0,0,0,0,0,0,0,40,0,0,120,80,360,120,360,320,38600
490,40000,0,0,0,0,0,0,0,0,0,0,0,0,0,0,0,0,0,0,40,0,0,120,40,320,200,280,240,38760
492,40000,0,0,0,0,0,0,0,0,0,0,0,0,0,0,0,0,0,0,40,0,0,40,120,200,320,200,240,38840
494,40000,0,0,0,0,0,0,0,0,0,0,0,0,0,0,0,0,0,0,40,0,0,40,80,160,400,160,120,39000
496,40000,0,0,0,0,0,0,0,0,0,0,0,0,0,0,0,0,0,0,40,0,0,40,80,160,320,200,80,39080
498,40000,0,0,0,0,0,0,0,0,0,0,0,0,0,0,0,0,0,0,0,40,0,0,120,160,320,160,120,39080
500,40000,0,0,0,0,0,0,0,0,0,0,0,0,0,0,0,0,0,0,0,40,0,0,120,160,320,160,40,39160
