Mile,Minute,Runners
0,0,0
1,0,0
2,0,0
3,0,0
4,0,0
5,0,0
6,0,0
7,0,0
8,0,0
9,0,0
10,0,0
11,0,0
12,0,0
13,0,0
14,0,0
15,0,0
16,0,0
17,0,0
18,0,0
19,0,0
20,0,0
21,0,0
22,0,0
23,0,0
24,0,0
25,0,0
0,2,2400
1,2,0
2,2,0
3,2,0
4,2,0
5,2,0
6,2,0
7,2,0
8,2,0
9,2,0
10,2,0
11,2,0
12,2,0
13,2,0
14,2,0
15,2,0
16,2,0
17,2,0
18,2,0
19,2,0
20,2,0
21,2,0
22,2,0
23,2,0
24,2,0
25,2,0
0,4,4840
1,4,0
2,4,0
3,4,0
4,4,0
5,4,0
6,4,0
7,4,0
8,4,0
9,4,0
10,4,0
11,4,0
12,4,0
13,4,0
14,4,0
15,4,0
16,4,0
17,4,0
18,4,0
19,4,0
20,4,0
21,4,0
22,4,0
23,4,0
24,4,0
25,4,0
0,6,6440
1,6,0
2,6,0
3,6,0
4,6,0
5,6,0
6,6,0
7,6,0
8,6,0
9,6,0
10,6,0
11,6,0
12,6,0
13,6,0
14,6,0
15,6,0
16,6,0
17,6,0
18,6,0
19,6,0
20,6,0
21,6,0
22,6,0
23,6,0
24,6,0
25,6,0
0,8,7720
1,8,760
2,8,0
3,8,0
4,8,0
5,8,0
6,8,0
7,8,0
8,8,0
9,8,0
10,8,0
11,8,0
12,8,0
13,8,0
14,8,0
15,8,0
16,8,0
17,8,0
18,8,0
19,8,0
20,8,0
21,8,0
22,8,0
23,8,0
24,8,0
25,8,0
0,10,8000
1,10,2400
2,10,0
3,10,0
4,10,0
5,10,0
6,10,0
7,10,0
8,10,0
9,10,0
10,10,0
11,10,0
12,10,0
13,10,0
14,10,0
15,10,0
16,10,0
17,10,0
18,10,0
19,10,0
20,10,0
21,10,0
22,10,0
23,10,0
24,10,0
25,10,0
0,12,8560
1,12,4240
2,12,0
3,12,0
4,12,0
5,12,0
6,12,0
7,12,0
8,12,0
9,12,0
10,12,0
11,12,0
12,12,0
13,12,0
14,12,0
15,12,0
16,12,0
17,12,0
18,12,0
19,12,0
20,12,0
21,12,0
22,12,0
23,12,0
24,12,0
25,12,0
0,14,8760
1,14,5800
2,14,160
3,14,0
4,14,0
5,14,0
6,14,0
7,14,0
8,14,0
9,14,0
10,14,0
11,14,0
12,14,0
13,14,0
14,14,0
15,14,0
16,14,0
17,14,0
18,14,0
19,14,0
20,14,0
21,14,0
22,14,0
23,14,0
24,14,0
25,14,0
0,16,7840
1,16,7080
2,16,760
3,16,0
4,16,0
5,16,0
6,16,0
7,16,0
8,16,0
9,16,0
10,16,0
11,16,0
12,16,0
13,16,0
14,16,0
15,16,0
16,16,0
17,16,0
18,16,0
19,16,0
20,16,0
21,16,0
22,16,0
23,16,0
24,16,0
25,16,0
0,18,6240
1,18,7560
2,18,1880
3,18,0
4,18,0
5,18,0
6,18,0
7,18,0
8,18,0
9,18,0
10,18,0
11,18,0
12,18,0
13,18,0
14,18,0
15,18,0
16,18,0
17,18,0
18,18,0
19,18,0
20,18,0
21,18,0
22,18,0
23,18,0
24,18,0
25,18,0
0,20,4480
1,20,7760
2,20,3400
3,20,40
4,20,0
5,20,0
6,20,0
7,20,0
8,20,0
9,20,0
10,20,0
11,20,0
12,20,0
13,20,0
14,20,0
15,20,0
16,20,0
17,20,0
18,20,0
19,20,0
20,20,0
21,20,0
22,20,0
23,20,0
24,20,0
25,20,0
0,22,2520
1,22,8560
2,22,4320
3,22,280
4,22,0
5,22,0
6,22,0
7,22,0
8,22,0
9,22,0
10,22,0
11,22,0
12,22,0
13,22,0
14,22,0
15,22,0
16,22,0
17,22,0
18,22,0
19,22,0
20,22,0
21,22,0
22,22,0
23,22,0
24,22,0
25,22,0
0,24,1000
1,24,8160
2,24,5760
3,24,760
4,24,0
5,24,0
6,24,0
7,24,0
8,24,0
9,24,0
10,24,0
11,24,0
12,24,0
13,24,0
14,24,0
15,24,0
16,24,0
17,24,0
18,24,0
19,24,0
20,24,0
21,24,0
22,24,0
23,24,0
24,24,0
25,24,0
0,26,240
1,26,7520
2,26,6080
3,26,1800
4,26,40
5,26,0
6,26,0
7,26,0
8,26,0
9,26,0
10,26,0
11,26,0
12,26,0
13,26,0
14,26,0
15,26,0
16,26,0
17,26,0
18,26,0
19,26,0
20,26,0
21,26,0
22,26,0
23,26,0
24,26,0
25,26,0
0,28,0
1,28,6200
2,28,6760
3,28,2560
4,28,160
5,28,0
6,28,0
7,28,0
8,28,0
9,28,0
10,28,0
11,28,0
12,28,0
13,28,0
14,28,0
15,28,0
16,28,0
17,28,0
18,28,0
19,28,0
20,28,0
21,28,0
22,28,0
23,28,0
24,28,0
25,28,0
0,30,0
1,30,4360
2,30,7280
3,30,3720
4,30,320
5,30,0
6,30,0
7,30,0
8,30,0
9,30,0
10,30,0
11,30,0
12,30,0
13,30,0
14,30,0
15,30,0
16,30,0
17,30,0
18,30,0
19,30,0
20,30,0
21,30,0
22,30,0
23,30,0
24,30,0
25,30,0
0,32,2040
1,32,3000
2,32,7600
3,32,4240
4,32,800
5,32,40
6,32,0
7,32,0
8,32,0
9,32,0
10,32,0
11,32,0
12,32,0
13,32,0
14,32,0
15,32,0
16,32,0
17,32,0
18,32,0
19,32,0
20,32,0
21,32,0
22,32,0
23,32,0
24,32,0
25,32,0
0,34,4040
1,34,1760
2,34,7160
3,34,5080
4,34,1600
5,34,80
6,34,0
7,34,0
8,34,0
9,34,0
10,34,0
11,34,0
12,34,0
13,34,0
14,34,0
15,34,0
16,34,0
17,34,0
18,34,0
19,34,0
20,34,0
21,34,0
22,34,0
23,34,0
24,34,0
25,34,0
0,36,6040
1,36,960
2,36,6400
3,36,6000
4,36,2120
5,36,200
6,36,0
7,36,0
8,36,0
9,36,0
10,36,0
11,36,0
12,36,0
13,36,0
14,36,0
15,36,0
16,36,0
17,36,0
18,36,0
19,36,0
20,36,0
21,36,0
22,36,0
23,36,0
24,36,0
25,36,0
0,38,7520
1,38,400
2,38,5640
3,38,6120
4,38,3120
5,38,360
6,38,40
7,38,0
8,38,0
9,38,0
10,38,0
11,38,0
12,38,0
13,38,0
14,38,0
15,38,0
16,38,0
17,38,0
18,38,0
19,38,0
20,38,0
21,38,0
22,38,0
23,38,0
24,38,0
25,38,0
0,40,8880
1,40,680
2,40,4520
3,40,6680
4,40,3520
5,40,800
6,40,40
7,40,0
8,40,0
9,40,0
10,40,0
11,40,0
12,40,0
13,40,0
14,40,0
15,40,0
16,40,0
17,40,0
18,40,0
19,40,0
20,40,0
21,40,0
22,40,0
23,40,0
24,40,0
25,40,0
0,42,9440
1,42,1960
2,42,3320
3,42,6880
4,42,3760
5,42,1520
6,42,160
7,42,0
8,42,0
9,42,0
10,42,0
11,42,0
12,42,0
13,42,0
14,42,0
15,42,0
16,42,0
17,42,0
18,42,0
19,42,0
20,42,0
21,42,0
22,42,0
23,42,0
24,42,0
25,42,0
0,44,9120
1,44,4160
2,44,2160
3,44,6360
4,44,5000
5,44,1880
6,44,240
7,44,40
8,44,0
9,44,0
10,44,0
11,44,0
12,44,0
13,44,0
14,44,0
15,44,0
16,44,0
17,44,0
18,44,0
19,44,0
20,44,0
21,44,0
22,44,0
23,44,0
24,44,0
25,44,0
0,46,9280
1,46,5800
2,46,1400
3,46,5680
4,46,5640
5,46,2520
6,46,400
7,46,40
8,46,0
9,46,0
10,46,0
11,46,0
12,46,0
13,46,0
14,46,0
15,46,0
16,46,0
17,46,0
18,46,0
19,46,0
20,46,0
21,46,0
22,46,0
23,46,0
24,46,0
25,46,0
0,48,9680
1,48,7000
2,48,920
3,48,5000
4,48,5720
5,48,3240
6,48,680
7,48,160
8,48,0
9,48,0
10,48,0
11,48,0
12,48,0
13,48,0
14,48,0
15,48,0
16,48,0
17,48,0
18,48,0
19,48,0
20,48,0
21,48,0
22,48,0
23,48,0
24,48,0
25,48,0
0,50,9680
1,50,8040
2,50,1080
3,50,4200
4,50,6080
5,50,3280
6,50,1440
7,50,160
8,50,40
9,50,0
10,50,0
11,50,0
12,50,0
13,50,0
14,50,0
15,50,0
16,50,0
17,50,0
18,50,0
19,50,0
20,50,0
21,50,0
22,50,0
23,50,0
24,50,0
25,50,0
0,52,8720
1,52,8960
2,52,1880
3,52,3200
4,52,6160
5,52,3960
6,52,1760
7,52,280
8,52,40
9,52,0
10,52,0
11,52,0
12,52,0
13,52,0
14,52,0
15,52,0
16,52,0
17,52,0
18,52,0
19,52,0
20,52,0
21,52,0
22,52,0
23,52,0
24,52,0
25,52,0
0,54,8600
1,54,9480
2,54,3280
3,54,2360
4,54,5400
5,54,4920
6,54,2320
7,54,440
8,54,80
9,54,0
10,54,0
11,54,0
12,54,0
13,54,0
14,54,0
15,54,0
16,54,0
17,54,0
18,54,0
19,54,0
20,54,0
21,54,0
22,54,0
23,54,0
24,54,0
25,54,0
0,56,8440
1,56,9440
2,56,4840
3,56,1880
4,56,5040
5,56,5200
6,56,2640
7,56,760
8,56,120
9,56,40
10,56,0
11,56,0
12,56,0
13,56,0
14,56,0
15,56,0
16,56,0
17,56,0
18,56,0
19,56,0
20,56,0
21,56,0
22,56,0
23,56,0
24,56,0
25,56,0
0,58,7920
1,58,9760
2,58,5880
3,58,1520
4,58,4600
5,58,5280
6,58,2840
7,58,1440
8,58,200
9,58,40
10,58,0
11,58,0
12,58,0
13,58,0
14,58,0
15,58,0
16,58,0
17,58,0
18,58,0
19,58,0
20,58,0
21,58,0
22,58,0
23,58,0
24,58,0
25,58,0
0,60,7000
1,60,9800
2,60,6800
3,60,1560
4,60,3760
5,60,5840
6,60,3200
7,60,1680
8,60,320
9,60,40
10,60,0
11,60,0
12,60,0
13,60,0
14,60,0
15,60,0
16,60,0
17,60,0
18,60,0
19,60,0
20,60,0
21,60,0
22,60,0
23,60,0
24,60,0
25,60,0
0,62,5960
1,62,9280
2,62,7480
3,62,2160
4,62,3080
5,62,5400
6,62,3920
7,62,2160
8,62,400
9,62,120
10,62,40
11,62,0
12,62,0
13,62,0
14,62,0
15,62,0
16,62,0
17,62,0
18,62,0
19,62,0
20,62,0
21,62,0
22,62,0
23,62,0
24,62,0
25,62,0
0,64,4520
1,64,8800
2,64,8280
3,64,3040
4,64,2400
5,64,4920
6,64,4640
7,64,2360
8,64,840
9,64,160
10,64,40
11,64,0
12,64,0
13,64,0
14,64,0
15,64,0
16,64,0
17,64,0
18,64,0
19,64,0
20,64,0
21,64,0
22,64,0
23,64,0
24,64,0
25,64,0
0,66,2840
1,66,8840
2,66,8440
3,66,4360
4,66,1960
5,66,4640
6,66,4840
7,66,2440
8,66,1360
9,66,240
10,66,40
11,66,0
12,66,0
13,66,0
14,66,0
15,66,0
16,66,0
17,66,0
18,66,0
19,66,0
20,66,0
21,66,0
22,66,0
23,66,0
24,66,0
25,66,0
0,68,1760
1,68,8280
2,68,9000
3,68,5080
4,68,1960
5,68,4000
6,68,4920
7,68,2960
8,68,1640
9,68,320
10,68,40
11,68,40
12,68,0
13,68,0
14,68,0
15,68,0
16,68,0
17,68,0
18,68,0
19,68,0
20,68,0
21,68,0
22,68,0
23,68,0
24,68,0
25,68,0
0,70,640
1,70,7680
2,70,9520
3,70,5720
4,70,1840
5,70,3560
6,70,5120
7,70,3320
8,70,2000
9,70,440
10,70,120
11,70,40
12,70,0
13,70,0
14,70,0
15,70,0
16,70,0
17,70,0
18,70,0
19,70,0
20,70,0
21,70,0
22,70,0
23,70,0
24,70,0
25,70,0
0,72,240
1,72,6960
2,72,9120
3,72,6320
4,72,2520
5,72,3080
6,72,4560
7,72,3920
8,72,2200
9,72,880
10,72,160
11,72,40
12,72,0
13,72,0
14,72,0
15,72,0
16,72,0
17,72,0
18,72,0
19,72,0
20,72,0
21,72,0
22,72,0
23,72,0
24,72,0
25,72,0
0,74,120
1,74,6000
2,74,8560
3,74,7080
4,74,3120
5,74,2400
6,74,4320
7,74,4760
8,74,2000
9,74,1320
10,74,240
11,74,40
12,74,40
13,74,0
14,74,0
15,74,0
16,74,0
17,74,0
18,74,0
19,74,0
20,74,0
21,74,0
22,74,0
23,74,0
24,74,0
25,74,0
0,76,0
1,76,5040
2,76,8240
3,76,7200
4,76,4120
5,76,2120
6,76,4280
7,76,4120
8,76,2880
9,76,1520
10,76,320
11,76,120
12,76,40
13,76,0
14,76,0
15,76,0
16,76,0
17,76,0
18,76,0
19,76,0
20,76,0
21,76,0
22,76,0
23,76,0
24,76,0
25,76,0
0,78,0
1,78,3360
2,78,8320
3,78,7840
4,78,4680
5,78,2080
6,78,3480
7,78,4760
8,78,3000
9,78,1840
10,78,440
11,78,160
12,78,40
13,78,0
14,78,0
15,78,0
16,78,0
17,78,0
18,78,0
19,78,0
20,78,0
21,78,0
22,78,0
23,78,0
24,78,0
25,78,0
0,80,0
1,80,2440
2,80,7760
3,80,8400
4,80,5080
5,80,2200
6,80,3000
7,80,4520
8,80,3520
9,80,2000
10,80,840
11,80,200
12,80,0
13,80,40
14,80,0
15,80,0
16,80,0
17,80,0
18,80,0
19,80,0
20,80,0
21,80,0
22,80,0
23,80,0
24,80,0
25,80,0
0,82,0
1,82,1480
2,82,7240
3,82,8560
4,82,5360
5,82,2600
6,82,2960
7,82,4000
8,82,4280
9,82,1880
10,82,1280
11,82,200
12,82,120
13,82,40
14,82,0
15,82,0
16,82,0
17,82,0
18,82,0
19,82,0
20,82,0
21,82,0
22,82,0
23,82,0
24,82,0
25,82,0
0,84,0
1,84,720
2,84,6440
3,84,8400
4,84,6400
5,84,3120
6,84,2400
7,84,3960
8,84,4160
9,84,2440
10,84,1480
11,84,320
12,84,120
13,84,40
14,84,0
15,84,0
16,84,0
17,84,0
18,84,0
19,84,0
20,84,0
21,84,0
22,84,0
23,84,0
24,84,0
25,84,0
0,86,0
1,86,360
2,86,6040
3,86,7960
4,86,6600
5,86,3640
6,86,2200
7,86,3960
8,86,4080
9,86,2720
10,86,1760
11,86,480
12,86,160
13,86,0
14,86,40
15,86,0
16,86,0
17,86,0
18,86,0
19,86,0
20,86,0
21,86,0
22,86,0
23,86,0
24,86,0
25,86,0
0,88,0
1,88,240
2,88,5120
3,88,7720
4,88,6680
5,88,4480
6,88,2200
7,88,3160
8,88,4480
9,88,2920
10,88,1920
11,88,800
12,88,200
13,88,40
14,88,40
15,88,0
16,88,0
17,88,0
18,88,0
19,88,0
20,88,0
21,88,0
22,88,0
23,88,0
24,88,0
25,88,0
0,90,0
1,90,120
2,90,3800
3,90,7760
4,90,7320
5,90,4400
6,90,2720
7,90,2640
8,90,4400
9,90,3480
10,90,1760
11,90,1240
12,90,200
13,90,120
14,90,40
15,90,0
16,90,0
17,90,0
18,90,0
19,90,0
20,90,0
21,90,0
22,90,0
23,90,0
24,90,0
25,90,0
0,92,0
1,92,40
2,92,3120
3,92,7000
4,92,7760
5,92,4840
6,92,2720
7,92,2760
8,92,3720
9,92,4040
10,92,2120
11,92,1400
12,92,320
13,92,120
14,92,0
15,92,40
16,92,0
17,92,0
18,92,0
19,92,0
20,92,0
21,92,0
22,92,0
23,92,0
24,92,0
25,92,0
0,94,0
1,94,40
2,94,2120
3,94,6440
4,94,8200
5,94,5280
6,94,2920
7,94,2560
8,94,3800
9,94,3680
10,94,2640
11,94,1640
12,94,480
13,94,120
14,94,40
15,94,40
16,94,0
17,94,0
18,94,0
19,94,0
20,94,0
21,94,0
22,94,0
23,94,0
24,94,0
25,94,0
0,96,0
1,96,0
2,96,1560
3,96,6160
4,96,7640
5,96,5840
6,96,3520
7,96,2240
8,96,3640
9,96,3960
10,96,2640
11,96,1720
12,96,800
13,96,120
14,96,120
15,96,40
16,96,0
17,96,0
18,96,0
19,96,0
20,96,0
21,96,0
22,96,0
23,96,0
24,96,0
25,96,0
0,98,0
1,98,0
2,98,800
3,98,5800
4,98,7360
5,98,6280
6,98,4120
7,98,2320
8,98,2920
9,98,4120
10,98,3120
11,98,1640
12,98,1120
13,98,240
14,98,120
15,98,0
16,98,40
17,98,0
18,98,0
19,98,0
20,98,0
21,98,0
22,98,0
23,98,0
24,98,0
25,98,0
0,100,0
1,100,0
2,100,480
3,100,5160
4,100,7200
5,100,6440
6,100,4120
7,100,2720
8,100,2720
9,100,3920
10,100,3480
11,100,1880
12,100,1360
13,100,320
14,100,160
15,100,0
16,100,40
17,100,0
18,100,0
19,100,0
20,100,0
21,100,0
22,100,0
23,100,0
24,100,0
25,100,0
0,102,0
1,102,0
2,102,320
3,102,4160
4,102,7120
5,102,6800
6,102,4360
7,102,2960
8,102,2600
9,102,3520
10,102,3640
11,102,2360
12,102,1440
13,102,440
14,102,200
15,102,40
16,102,40
17,102,0
18,102,0
19,102,0
20,102,0
21,102,0
22,102,0
23,102,0
24,102,0
25,102,0
0,104,0
1,104,0
2,104,200
3,104,3440
4,104,6840
5,104,6920
6,104,4840
7,104,2840
8,104,2600
9,104,3640
10,104,3480
11,104,2520
12,104,1640
13,104,720
14,104,160
15,104,120
16,104,0
17,104,40
18,104,0
19,104,0
20,104,0
21,104,0
22,104,0
23,104,0
24,104,0
25,104,0
0,106,0
1,106,0
2,106,160
3,106,2680
4,106,6000
5,106,7520
6,106,5160
7,106,3120
8,106,2480
9,106,3480
10,106,3520
11,106,2800
12,106,1640
13,106,1000
14,106,280
15,106,120
16,106,0
17,106,40
18,106,0
19,106,0
20,106,0
21,106,0
22,106,0
23,106,0
24,106,0
25,106,0
0,108,0
1,108,0
2,108,120
3,108,2120
4,108,5880
5,108,6640
6,108,5680
7,108,3880
8,108,2360
9,108,2920
10,108,3920
11,108,3000
12,108,1680
13,108,1280
14,108,320
15,108,120
16,108,40
17,108,40
18,108,0
19,108,0
20,108,0
21,108,0
22,108,0
23,108,0
24,108,0
25,108,0
0,110,0
1,110,0
2,110,40
3,110,1600
4,110,5440
5,110,6560
6,110,5840
7,110,3960
8,110,3000
9,110,2480
10,110,3600
11,110,3320
12,110,2080
13,110,1360
14,110,440
15,110,120
16,110,120
17,110,0
18,110,40
19,110,0
20,110,0
21,110,0
22,110,0
23,110,0
24,110,0
25,110,0
0,112,0
1,112,0
2,112,40
3,112,960
4,112,4800
5,112,6920
6,112,5880
7,112,4160
8,112,3200
9,112,2400
10,112,3400
11,112,3360
12,112,2360
13,112,1480
14,112,720
15,112,160
16,112,120
17,112,0
18,112,40
19,112,0
20,112,0
21,112,0
22,112,0
23,112,0
24,112,0
25,112,0
0,114,0
1,114,0
2,114,40
3,114,600
4,114,4440
5,114,6360
6,114,6280
7,114,4560
8,114,3040
9,114,2600
10,114,3320
11,114,3200
12,114,2520
13,114,1640
14,114,960
15,114,280
16,114,80
17,114,40
18,114,40
19,114,0
20,114,0
21,114,0
22,114,0
23,114,0
24,114,0
25,114,0
0,116,0
1,116,0
2,116,0
3,116,520
4,116,3680
5,116,6280
6,116,6720
7,116,4440
8,116,3080
9,116,2600
10,116,3280
11,116,3400
12,116,2720
13,116,1520
14,116,1240
15,116,320
16,116,120
17,116,40
18,116,40
19,116,0
20,116,0
21,116,0
22,116,0
23,116,0
24,116,0
25,116,0
0,118,0
1,118,0
2,118,0
3,118,360
4,118,3000
5,118,5640
6,118,6480
7,118,5200
8,118,3400
9,118,2760
10,118,2720
11,118,3560
12,118,2840
13,118,2000
14,118,1320
15,118,440
16,118,120
17,118,120
18,118,0
19,118,40
20,118,0
21,118,0
22,118,0
23,118,0
24,118,0
25,118,0
0,120,0
1,120,0
2,120,0
3,120,160
4,120,2600
5,120,5520
6,120,5960
7,120,5480
8,120,3760
9,120,3040
10,120,2480
11,120,3480
12,120,3040
13,120,2080
14,120,1360
15,120,720
16,120,160
17,120,120
18,120,0
19,120,40
20,120,0
21,120,0
22,120,0
23,120,0
24,120,0
25,120,0
0,122,0
1,122,0
2,122,0
3,122,160
4,122,2160
5,122,5080
6,122,5880
7,122,5680
8,122,3960
9,122,3160
10,122,2400
11,122,3200
12,122,3160
13,122,2280
14,122,1560
15,122,880
16,122,240
17,122,120
18,122,40
19,122,40
20,122,0
21,122,0
22,122,0
23,122,0
24,122,0
25,122,0
0,124,0
1,124,0
2,124,0
3,124,160
4,124,1680
5,124,4440
6,124,6240
7,124,5480
8,124,4440
9,124,3000
10,124,2520
11,124,3240
12,124,3040
13,124,2600
14,124,1400
15,124,1240
16,124,240
17,124,160
18,124,80
19,124,0
20,124,40
21,124,0
22,124,0
23,124,0
24,124,0
25,124,0
0,126,0
1,126,0
2,126,0
3,126,80
4,126,1120
5,126,4080
6,126,6000
7,126,6160
8,126,4280
9,126,3360
10,126,2360
11,126,3200
12,126,3200
13,126,2600
14,126,1560
15,126,1280
16,126,440
17,126,120
18,126,120
19,126,0
20,126,40
21,126,0
22,126,0
23,126,0
24,126,0
25,126,0
0,128,0
1,128,0
2,128,0
3,128,40
4,128,680
5,128,3960
6,128,5520
7,128,6240
8,128,4560
9,128,3120
10,128,2880
11,128,2600
12,128,3360
13,128,2840
14,128,2000
15,128,1160
16,128,680
17,128,200
18,128,80
19,128,40
20,128,40
21,128,0
22,128,0
23,128,0
24,128,0
25,128,0
0,130,0
1,130,0
2,130,0
3,130,40
4,130,560
5,130,3400
6,130,5080
7,130,5960
8,130,5000
9,130,3560
10,130,2960
11,130,2520
12,130,3320
13,130,2880
14,130,2080
15,130,1360
16,130,840
17,130,240
18,130,80
19,130,80
20,130,0
21,130,40
22,130,0
23,130,0
24,130,0
25,130,0
0,132,0
1,132,0
2,132,0
3,132,40
4,132,480
5,132,2840
6,132,5040
7,132,5480
8,132,5360
9,132,3800
10,132,3080
11,132,2520
12,132,3000
13,132,3040
14,132,2240
15,132,1360
16,132,1200
17,132,240
18,132,120
19,132,120
20,132,0
21,132,40
22,132,0
23,132,0
24,132,0
25,132,0
0,134,0
1,134,0
2,134,0
3,134,40
4,134,360
5,134,2440
6,134,4640
7,134,5640
8,134,5280
9,134,4120
10,134,3280
11,134,2200
12,134,3160
13,134,2960
14,134,2560
15,134,1480
16,134,1120
17,134,440
18,134,120
19,134,80
20,134,40
21,134,40
22,134,0
23,134,0
24,134,0
25,134,0
0,136,0
1,136,0
2,136,0
3,136,40
4,136,160
5,136,2160
6,136,4240
7,136,5760
8,136,5520
9,136,4040
10,136,3200
11,136,2440
12,136,3040
13,136,3200
14,136,2160
15,136,1920
16,136,1120
17,136,600
18,136,240
19,136,80
20,136,40
21,136,0
22,136,40
23,136,0
24,136,0
25,136,0
0,138,0
1,138,0
2,138,0
3,138,0
4,138,160
5,138,1760
6,138,3680
7,138,5600
8,138,5800
9,138,4160
10,138,3280
11,138,2680
12,138,2720
13,138,3080
14,138,2760
15,138,1800
16,138,1280
17,138,800
18,138,240
19,138,80
20,138,80
21,138,0
22,138,40
23,138,0
24,138,0
25,138,0
0,140,0
1,140,0
2,140,0
3,140,0
4,140,160
5,140,1200
6,140,3600
7,140,5200
8,140,5520
9,140,4840
10,140,3040
11,140,3200
12,140,2520
13,140,3040
14,140,2680
15,140,2120
16,140,1280
17,140,1080
18,140,240
19,140,120
20,140,120
21,140,0
22,140,40
23,140,0
24,140,0
25,140,0
0,142,0
1,142,0
2,142,0
3,142,0
4,142,120
5,142,760
6,142,3400
7,142,4960
8,142,5480
9,142,4840
10,142,3640
11,142,3040
12,142,2480
13,142,2920
14,142,2960
15,142,2200
16,142,1400
17,142,1120
18,142,400
19,142,120
20,142,80
21,142,40
22,142,0
23,142,40
24,142,0
25,142,0
0,144,0
1,144,0
2,144,0
3,144,0
4,144,80
5,144,640
6,144,2880
7,144,4920
8,144,5360
9,144,4960
10,144,3840
11,144,3280
12,144,2240
13,144,2960
14,144,2920
15,144,2320
16,144,1560
17,144,1040
18,144,560
19,144,240
20,144,80
21,144,80
22,144,0
23,144,40
24,144,0
25,144,0
0,146,0
1,146,0
2,146,0
3,146,0
4,146,40
5,146,560
6,146,2600
7,146,4600
8,146,5320
9,146,5000
10,146,4040
11,146,3240
12,146,2280
13,146,2960
14,146,2880
15,146,2280
16,146,1920
17,146,1120
18,146,720
19,146,200
20,146,80
21,146,120
22,146,0
23,146,40
24,146,0
25,146,0
0,148,0
1,148,0
2,148,0
3,148,0
4,148,40
5,148,520
6,148,2200
7,148,4000
8,148,5440
9,148,5280
10,148,4040
11,148,3160
12,148,2720
13,148,2640
14,148,2880
15,148,2520
16,148,1800
17,148,1200
18,148,1040
19,148,240
20,148,120
21,148,80
22,148,40
23,148,40
24,148,0
25,148,0
0,150,0
1,150,0
2,150,0
3,150,0
4,150,40
5,150,360
6,150,2040
7,150,3600
8,150,5000
9,150,5440
10,150,4320
11,150,3160
12,150,2840
13,150,2600
14,150,2880
15,150,2600
16,150,1960
17,150,1360
18,150,1120
19,150,400
20,150,120
21,150,80
22,150,40
23,150,0
24,150,40
25,150,0
0,152,0
1,152,0
2,152,0
3,152,0
4,152,40
5,152,280
6,152,1680
7,152,3320
8,152,4800
9,152,5320
10,152,4440
11,152,3360
12,152,3280
13,152,2280
14,152,2920
15,152,2680
16,152,2240
17,152,1360
18,152,1080
19,152,480
20,152,240
21,152,80
22,152,80
23,152,0
24,152,40
25,152,0
0,154,0
1,154,0
2,154,0
3,154,0
4,154,40
5,154,120
6,154,1320
7,154,3200
8,154,4680
9,154,5160
10,154,4680
11,154,3680
12,154,3160
13,154,2320
14,154,2840
15,154,2760
16,154,2120
17,154,1760
18,154,1080
19,154,640
20,154,200
21,154,80
22,154,80
23,154,40
24,154,40
25,154,0
0,156,0
1,156,0
2,156,0
3,156,0
4,156,40
5,156,120
6,156,840
7,156,3040
8,156,4600
9,156,5120
10,156,4840
11,156,3720
12,156,3200
13,156,2360
14,156,2840
15,156,2720
16,156,2240
17,156,1760
18,156,1080
19,156,1000
20,156,200
21,156,120
22,156,80
23,156,40
24,156,0
25,156,40
0,158,0
1,158,0
2,158,0
3,158,0
4,158,0
5,158,160
6,158,640
7,158,2800
8,158,4360
9,158,5040
10,158,5000
11,158,3600
12,158,3400
13,158,2480
14,158,2680
15,158,2760
16,158,2280
17,158,1920
18,158,1120
19,158,1160
20,158,320
21,158,120
22,158,40
23,158,80
24,158,0
25,158,40
0,160,0
1,160,0
2,160,0
3,160,0
4,160,0
5,160,160
6,160,520
7,160,2400
8,160,4000
9,160,5120
10,160,4880
11,160,4000
12,160,3080
13,160,2760
14,160,2560
15,160,2880
16,160,2400
17,160,2040
18,160,1360
19,160,920
20,160,480
21,160,240
22,160,80
23,160,80
24,160,0
25,160,40
0,162,0
1,162,0
2,162,0
3,162,0
4,162,0
5,162,80
6,162,480
7,162,2160
8,162,3600
9,162,4840
10,162,5080
11,162,4120
12,162,3200
13,162,2960
14,162,2360
15,162,2800
16,162,2600
17,162,2160
18,162,1480
19,162,1040
20,162,600
21,162,200
22,162,80
23,162,80
24,162,40
25,162,0
0,164,0
1,164,0
2,164,0
3,164,0
4,164,0
5,164,40
6,164,520
7,164,1920
8,164,3280
9,164,4480
10,164,5240
11,164,4120
12,164,3360
13,164,3320
14,164,2240
15,164,2800
16,164,2640
17,164,1880
18,164,1880
19,164,920
20,164,880
21,164,200
22,164,120
23,164,40
24,164,80
25,164,0
0,166,0
1,166,0
2,166,0
3,166,0
4,166,0
5,166,40
6,166,400
7,166,1680
8,166,2960
9,166,4280
10,166,5080
11,166,4520
12,166,3600
13,166,3200
14,166,2320
15,166,2760
16,166,2520
17,166,2320
18,166,1600
19,166,1080
20,166,1040
21,166,280
22,166,160
23,166,40
24,166,80
25,166,0
0,168,0
1,168,0
2,168,0
3,168,0
4,168,0
5,168,40
6,168,280
7,168,1240
8,168,3040
9,168,4160
10,168,5040
11,168,4600
12,168,3440
13,168,3360
14,168,2360
15,168,2720
16,168,2640
17,168,2200
18,168,1720
19,168,1360
20,168,1000
21,168,360
22,168,200
23,168,80
24,168,80
25,168,40
0,170,0
1,170,0
2,170,0
3,170,0
4,170,0
5,170,40
6,170,160
7,170,840
8,170,2880
9,170,4320
10,170,4680
11,170,4760
12,170,3760
13,170,3200
14,170,2480
15,170,2640
16,170,2600
17,170,2360
18,170,2000
19,170,1240
20,170,1040
21,170,560
22,170,200
23,170,80
24,170,80
25,170,40
0,172,0
1,172,0
2,172,0
3,172,0
4,172,0
5,172,40
6,172,120
7,172,680
8,172,2560
9,172,3960
10,172,4800
11,172,4720
12,172,3960
13,172,3000
14,172,2840
15,172,2480
16,172,2600
17,172,2480
18,172,2080
19,172,1480
20,172,920
21,172,760
22,172,240
23,172,120
24,172,40
25,172,80
0,174,0
1,174,0
2,174,0
3,174,0
4,174,0
5,174,40
6,174,120
7,174,640
8,174,2320
9,174,3520
10,174,4640
11,174,4760
12,174,3960
13,174,3320
14,174,2880
15,174,2440
16,174,2800
17,174,2480
18,174,1880
19,174,1600
20,174,1040
21,174,960
22,174,280
23,174,160
24,174,40
25,174,40
0,176,0
1,176,0
2,176,0
3,176,0
4,176,0
5,176,40
6,176,120
7,176,520
8,176,2000
9,176,3320
10,176,4680
11,176,4600
12,176,4040
13,176,3560
14,176,3160
15,176,2360
16,176,2600
17,176,2360
18,176,2120
19,176,1600
20,176,1120
21,176,1080
22,176,280
23,176,200
24,176,80
25,176,80
0,178,0
1,178,0
2,178,0
3,178,0
4,178,0
5,178,40
6,178,80
7,178,480
8,178,1960
9,178,2840
10,178,4120
11,178,5040
12,178,4240
13,178,3400
14,178,3200
15,178,2280
16,178,2680
17,178,2680
18,178,1960
19,178,1760
20,178,1400
21,178,840
22,178,560
23,178,160
24,178,120
25,178,40
0,180,0
1,180,0
2,180,0
3,180,0
4,180,0
5,180,0
6,180,80
7,180,480
8,180,1680
9,180,2640
10,180,4160
11,180,4680
12,180,4440
13,180,3560
14,180,3160
15,180,2360
16,180,2720
17,180,2520
18,180,2240
19,180,1840
20,180,1320
21,180,920
22,180,680
23,180,240
24,180,120
25,180,40
0,182,0
1,182,0
2,182,0
3,182,0
4,182,0
5,182,0
6,182,40
7,182,400
8,182,1240
9,182,2840
10,182,3880
11,182,4440
12,182,4640
13,182,3680
14,182,3120
15,182,2600
16,182,2520
17,182,2480
18,182,2360
19,182,1960
20,182,1520
21,182,760
22,182,960
23,182,240
24,182,160
25,182,40
0,184,0
1,184,0
2,184,0
3,184,0
4,184,0
5,184,0
6,184,40
7,184,280
8,184,920
9,184,2680
10,184,3840
11,184,4480
12,184,4400
13,184,3840
14,184,3120
15,184,2800
16,184,2440
17,184,2640
18,184,2440
19,184,1760
20,184,1600
21,184,1040
22,184,1000
23,184,280
24,184,160
25,184,80
0,186,0
1,186,0
2,186,0
3,186,0
4,186,0
5,186,0
6,186,40
7,186,200
8,186,720
9,186,2440
10,186,3680
11,186,4480
12,186,4480
13,186,3880
14,186,3320
15,186,2840
16,186,2440
17,186,2560
18,186,2400
19,186,2000
20,186,1400
21,186,1320
22,186,840
23,186,520
24,186,160
25,186,120
0,188,0
1,188,0
2,188,0
3,188,0
4,188,0
5,188,0
6,188,40
7,188,160
8,188,600
9,188,2360
10,188,3240
11,188,4440
12,188,4480
13,188,3920
14,188,3280
15,188,3200
16,188,2240
17,188,2440
18,188,2760
19,188,1800
20,188,1800
21,188,1200
22,188,880
23,188,640
24,188,240
25,188,120
0,190,0
1,190,0
2,190,0
3,190,0
4,190,0
5,190,0
6,190,40
7,190,120
8,190,640
9,190,1920
10,190,3120
11,190,4120
12,190,4680
13,190,3880
14,190,3480
15,190,3160
16,190,2240
17,190,2640
18,190,2560
19,190,2080
20,190,1840
21,190,1280
22,190,880
23,190,760
24,190,240
25,190,120
0,192,0
1,192,0
2,192,0
3,192,0
4,192,0
5,192,0
6,192,40
7,192,120
8,192,520
9,192,1920
10,192,2640
11,192,3960
12,192,4640
13,192,4200
14,192,3600
15,192,2960
16,192,2480
17,192,2520
18,192,2400
19,192,2200
20,192,1880
21,192,1400
22,192,920
23,192,960
24,192,280
25,192,120
0,194,0
1,194,0
2,194,0
3,194,0
4,194,0
5,194,0
6,194,40
7,194,120
8,194,440
9,194,1680
10,194,2600
11,194,3760
12,194,4360
13,194,4480
14,194,3400
15,194,3120
16,194,2560
17,194,2480
18,194,2480
19,194,2400
20,194,1720
21,194,1520
22,194,1040
23,194,880
24,194,480
25,194,160
0,196,0
1,196,0
2,196,0
3,196,0
4,196,0
5,196,0
6,196,40
7,196,80
8,196,440
9,196,1400
10,196,2560
11,196,3520
12,196,4400
13,196,4040
14,196,3880
15,196,3320
16,196,2560
17,196,2440
18,196,2560
19,196,2240
20,196,1920
21,196,1400
22,196,1360
23,196,760
24,196,600
25,196,200
0,198,0
1,198,0
2,198,0
3,198,0
4,198,0
5,198,0
6,198,40
7,198,40
8,198,360
9,198,1080
10,198,2480
11,198,3560
12,198,4160
13,198,4320
14,198,3760
15,198,3120
16,198,2920
17,198,2400
18,198,2360
19,198,2600
20,198,1720
21,198,1760
22,198,1160
23,198,920
24,198,720
25,198,200
0,200,0
1,200,0
2,200,0
3,200,0
4,200,0
5,200,0
6,200,40
7,200,0
8,200,360
9,200,600
10,200,2480
11,200,3400
12,200,4200
13,200,4360
14,200,3680
15,200,3320
16,200,3200
17,200,2080
18,200,2400
19,200,2520
20,200,2000
21,200,1680
22,200,1400
23,200,720
24,200,960
25,200,240
0,202,0
1,202,0
2,202,0
3,202,0
4,202,0
5,202,0
6,202,0
7,202,40
8,202,200
9,202,600
10,202,2360
11,202,3200
12,202,4040
13,202,4320
14,202,3720
15,202,3480
16,202,3000
17,202,2320
18,202,2520
19,202,2240
20,202,2160
21,202,1720
22,202,1440
23,202,960
24,202,880
25,202,360
0,204,0
1,204,0
2,204,0
3,204,0
4,204,0
5,204,0
6,204,0
7,204,40
8,204,160
9,204,600
10,204,2040
11,204,2880
12,204,3840
13,204,4360
14,204,4000
15,204,3520
16,204,2880
17,204,2400
18,204,2760
19,204,2120
20,204,2320
21,204,1680
22,204,1400
23,204,1200
24,204,720
25,204,600
0,206,0
1,206,0
2,206,0
3,206,0
4,206,0
5,206,0
6,206,0
7,206,40
8,206,120
9,206,640
10,206,1840
11,206,2600
12,206,3760
13,206,4200
14,206,4160
15,206,3560
16,206,3040
17,206,2480
18,206,2400
19,206,2520
20,206,2320
21,206,1680
22,206,1400
23,206,1280
24,206,800
25,206,640
0,208,0
1,208,0
2,208,0
3,208,0
4,208,0
5,208,0
6,208,0
7,208,40
8,208,120
9,208,520
10,208,1800
11,208,2360
12,208,3640
13,208,4000
14,208,4040
15,208,3720
16,208,3320
17,208,2480
18,208,2320
19,208,2480
20,208,2440
21,208,1680
22,208,1680
23,208,1200
24,208,760
25,208,840
0,210,0
1,210,0
2,210,0
3,210,0
4,210,0
5,210,0
6,210,0
7,210,40
8,210,120
9,210,480
10,210,1480
11,210,2320
12,210,3400
13,210,4240
14,210,4080
15,210,3440
16,210,3240
17,210,2880
18,210,2240
19,210,2320
20,210,2480
21,210,1880
22,210,1640
23,210,1440
24,210,680
25,210,880
0,212,0
1,212,0
2,212,0
3,212,0
4,212,0
5,212,0
6,212,0
7,212,40
8,212,120
9,212,440
10,212,1120
11,212,2400
12,212,3240
13,212,4000
14,212,4200
15,212,3520
16,212,3280
17,212,2960
18,212,2120
19,212,2600
20,212,2280
21,212,1920
22,212,1600
23,212,1400
24,212,960
25,212,800
0,214,0
1,214,0
2,214,0
3,214,0
4,214,0
5,214,0
6,214,0
7,214,40
8,214,120
9,214,400
10,214,760
11,214,2320
12,214,3080
13,214,3920
14,214,4280
15,214,3520
16,214,3480
17,214,2800
18,214,2280
19,214,2640
20,214,2080
21,214,2240
22,214,1600
23,214,1400
24,214,1240
25,214,680
0,216,0
1,216,0
2,216,0
3,216,0
4,216,0
5,216,0
6,216,0
7,216,40
8,216,40
9,216,320
10,216,600
11,216,2280
12,216,2960
13,216,3920
14,216,4000
15,216,3720
16,216,3320
17,216,3000
18,216,2400
19,216,2560
20,216,2280
21,216,2280
22,216,1600
23,216,1440
24,216,1120
25,216,840
0,218,0
1,218,0
2,218,0
3,218,0
4,218,0
5,218,0
6,218,0
7,218,40
8,218,0
9,218,240
10,218,560
11,218,2080
12,218,2680
13,218,3600
14,218,4240
15,218,3920
16,218,3480
17,218,3000
18,218,2520
19,218,2240
20,218,2480
21,218,2280
22,218,1600
23,218,1600
24,218,1240
25,218,640
0,220,0
1,220,0
2,220,0
3,220,0
4,220,0
5,220,0
6,220,0
7,220,40
8,220,0
9,220,200
10,220,560
11,220,2000
12,220,2560
13,220,3320
14,220,4120
15,220,3720
16,220,3680
17,220,3120
18,220,2640
19,220,2280
20,220,2240
21,220,2600
22,220,1600
23,220,1520
24,220,1440
25,220,680
0,222,0
1,222,0
2,222,0
3,222,0
4,222,0
5,222,0
6,222,0
7,222,40
8,222,0
9,222,160
10,222,600
11,222,1800
12,222,2240
13,222,3480
14,222,3920
15,222,3920
16,222,3360
17,222,3240
18,222,2760
19,222,2320
20,222,2280
21,222,2400
22,222,1760
23,222,1520
24,222,1400
25,222,1000
0,224,0
1,224,0
2,224,0
3,224,0
4,224,0
5,224,0
6,224,0
7,224,0
8,224,40
9,224,120
10,224,560
11,224,1640
12,224,2120
13,224,3280
14,224,3960
15,224,4000
16,224,3320
17,224,3360
18,224,2760
19,224,2040
20,224,2680
21,224,2000
22,224,2120
23,224,1560
24,224,1320
25,224,1160
0,226,0
1,226,0
2,226,0
3,226,0
4,226,0
5,226,0
6,226,0
7,226,0
8,226,40
9,226,120
10,226,480
11,226,1280
12,226,2320
13,226,3080
14,226,3560
15,226,4320
16,226,3280
17,226,3400
18,226,2800
19,226,2160
20,226,2680
21,226,1960
22,226,2240
23,226,1640
24,226,1400
25,226,1080
0,228,0
1,228,0
2,228,0
3,228,0
4,228,0
5,228,0
6,228,0
7,228,0
8,228,40
9,228,120
10,228,480
11,228,1040
12,228,2080
13,228,2920
14,228,3760
15,228,4200
16,228,3240
17,228,3360
18,228,2920
19,228,2400
20,228,2200
21,228,2520
22,228,2160
23,228,1560
24,228,1520
25,228,1200
0,230,0
1,230,0
2,230,0
3,230,0
4,230,0
5,230,0
6,230,0
7,230,0
8,230,40
9,230,120
10,230,440
11,230,640
12,230,2120
13,230,2960
14,230,3560
15,230,3760
16,230,3680
17,230,3440
18,230,2960
19,230,2400
20,230,2360
21,230,2360
22,230,2320
23,230,1520
24,230,1480
25,230,1240
0,232,0
1,232,0
2,232,0
3,232,0
4,232,0
5,232,0
6,232,0
7,232,0
8,232,40
9,232,120
10,232,280
11,232,560
12,232,2040
13,232,2560
14,232,3440
15,232,3880
16,232,3760
17,232,3600
18,232,3000
19,232,2680
20,232,2160
21,232,2200
22,232,2280
23,232,1680
24,232,1520
25,232,1320
0,234,0
1,234,0
2,234,0
3,234,0
4,234,0
5,234,0
6,234,0
7,234,0
8,234,40
9,234,40
10,234,320
11,234,440
12,234,1960
13,234,2640
14,234,3200
15,234,3960
16,234,3640
17,234,3280
18,234,3280
19,234,2480
20,234,2400
21,234,2320
22,234,2160
23,234,1960
24,234,1440
25,234,1280
0,236,0
1,236,0
2,236,0
3,236,0
4,236,0
5,236,0
6,236,0
7,236,0
8,236,40
9,236,40
10,236,200
11,236,520
12,236,1840
13,236,2360
14,236,3160
15,236,3880
16,236,3760
17,236,3240
18,236,3320
19,236,2560
20,236,2200
21,236,2600
22,236,1960
23,236,2080
24,236,1640
25,236,1280
0,238,0
1,238,0
2,238,0
3,238,0
4,238,0
5,238,0
6,238,0
7,238,0
8,238,40
9,238,0
10,238,200
11,238,560
12,238,1760
13,238,1920
14,238,3200
15,238,3760
16,238,3880
17,238,3200
18,238,3320
19,238,2720
20,238,2280
21,238,2400
22,238,2120
23,238,2200
24,238,1440
25,238,1520
0,240,0
1,240,0
2,240,0
3,240,0
4,240,0
5,240,0
6,240,0
7,240,0
8,240,40
9,240,0
10,240,160
11,240,560
12,240,1480
13,240,2120
14,240,2840
15,240,3680
16,240,3920
17,240,3240
18,240,3280
19,240,2840
20,240,2160
21,240,2360
22,240,2440
23,240,2160
24,240,1480
25,240,1400
0,242,0
1,242,0
2,242,0
3,242,0
4,242,0
5,242,0
6,242,0
7,242,0
8,242,40
9,242,0
10,242,120
11,242,480
12,242,1160
13,242,2080
14,242,2760
15,242,3680
16,242,3760
17,242,3360
18,242,3280
19,242,2960
20,242,2400
21,242,2360
22,242,2080
23,242,2400
24,242,1480
25,242,1400
0,244,0
1,244,0
2,244,0
3,244,0
4,244,0
5,244,0
6,244,0
7,244,0
8,244,0
9,244,40
10,244,120
11,244,480
12,244,1000
13,244,1880
14,244,2800
15,244,3400
16,244,3520
17,244,3640
18,244,3440
19,244,2960
20,244,2560
21,244,2120
22,244,2200
23,244,2240
24,244,1760
25,244,1400
0,246,0
1,246,0
2,246,0
3,246,0
4,246,0
5,246,0
6,246,0
7,246,0
8,246,0
9,246,40
10,246,120
11,246,440
12,246,640
13,246,2040
14,246,2400
15,246,3240
16,246,3920
17,246,3560
18,246,3240
19,246,3240
20,246,2280
21,246,2320
22,246,2360
23,246,1880
24,246,2160
25,246,1520
0,248,0
1,248,0
2,248,0
3,248,0
4,248,0
5,248,0
6,248,0
7,248,0
8,248,0
9,248,40
10,248,120
11,248,440
12,248,400
13,248,2000
14,248,2600
15,248,2920
16,248,3840
17,248,3600
18,248,3160
19,248,3360
20,248,2400
21,248,2200
22,248,2520
23,248,1840
24,248,2200
25,248,1400
0,250,0
1,250,0
2,250,0
3,250,0
4,250,0
5,250,0
6,250,0
7,250,0
8,250,0
9,250,40
10,250,120
11,250,280
12,250,400
13,250,1960
14,250,2320
15,250,3040
16,250,3680
17,250,3640
18,250,3120
19,250,3280
20,250,2640
21,250,2280
22,250,2320
23,250,2200
24,250,2040
25,250,1440
0,252,0
1,252,0
2,252,0
3,252,0
4,252,0
5,252,0
6,252,0
7,252,0
8,252,0
9,252,40
10,252,80
11,252,240
12,252,440
13,252,1800
14,252,2040
15,252,3040
16,252,3600
17,252,3880
18,252,2920
19,252,3320
20,252,2800
21,252,2120
22,252,2280
23,252,2280
24,252,2240
25,252,1360
0,254,0
1,254,0
2,254,0
3,254,0
4,254,0
5,254,0
6,254,0
7,254,0
8,254,0
9,254,40
10,254,40
11,254,200
12,254,520
13,254,1720
14,254,1880
15,254,2880
16,254,3320
17,254,3920
18,254,3120
19,254,3280
20,254,2720
21,254,2440
22,254,2160
23,254,2160
24,254,2160
25,254,1640
0,256,0
1,256,0
2,256,0
3,256,0
4,256,0
5,256,0
6,256,0
7,256,0
8,256,0
9,256,40
10,256,0
11,256,200
12,256,520
13,256,1400
14,256,1960
15,256,2640
16,256,3480
17,256,3480
18,256,3360
19,256,3240
20,256,2880
21,256,2480
22,256,2240
23,256,2080
24,256,2120
25,256,1840
0,258,0
1,258,0
2,258,0
3,258,0
4,258,0
5,258,0
6,258,0
7,258,0
8,258,0
9,258,40
10,258,0
11,258,160
12,258,520
13,258,1040
14,258,2040
15,258,2600
16,258,3280
17,258,3480
18,258,3240
19,258,3320
20,258,3120
21,258,2240
22,258,2240
23,258,2440
24,258,1920
25,258,2040
0,260,0
1,260,0
2,260,0
3,260,0
4,260,0
5,260,0
6,260,0
7,260,0
8,260,0
9,260,40
10,260,0
11,260,160
12,260,440
13,260,1000
14,260,1880
15,260,2280
16,260,3120
17,260,3800
18,260,3480
19,260,3120
20,260,3240
21,260,2240
22,260,2240
23,260,2440
24,260,1920
25,260,2080
0,262,0
1,262,0
2,262,0
3,262,0
4,262,0
5,262,0
6,262,0
7,262,0
8,262,0
9,262,40
10,262,0
11,262,120
12,262,480
13,262,680
14,262,1840
15,262,2520
16,262,2680
17,262,3800
18,262,3560
19,262,2960
20,262,3240
21,262,2600
22,262,2120
23,262,2360
24,262,2240
25,262,1880
0,264,0
1,264,0
2,264,0
3,264,0
4,264,0
5,264,0
6,264,0
7,264,0
8,264,0
9,264,40
10,264,0
11,264,120
12,264,480
13,264,360
14,264,1960
15,264,2360
16,264,2800
17,264,3600
18,264,3680
19,264,2880
20,264,3160
21,264,2840
22,264,1960
23,264,2240
24,264,2320
25,264,2040
0,266,0
1,266,0
2,266,0
3,266,0
4,266,0
5,266,0
6,266,0
7,266,0
8,266,0
9,266,40
10,266,0
11,266,120
12,266,440
13,266,240
14,266,1920
15,266,2080
16,266,2880
17,266,3480
18,266,3760
19,266,2760
20,266,3320
21,266,2640
22,266,2280
23,266,2160
24,266,2120
25,266,2160
0,268,0
1,268,0
2,268,0
3,268,0
4,268,0
5,268,0
6,268,0
7,268,0
8,268,0
9,268,0
10,268,40
11,268,120
12,268,240
13,268,400
14,268,1840
15,268,1840
16,268,2960
17,268,3200
18,268,3520
19,268,3080
20,268,3280
21,268,2760
22,268,2320
23,268,2200
24,268,2080
25,268,1920
0,270,0
1,270,0
2,270,0
3,270,0
4,270,0
5,270,0
6,270,0
7,270,0
8,270,0
9,270,0
10,270,40
11,270,120
12,270,160
13,270,480
14,270,1680
15,270,1800
16,270,2600
17,270,3240
18,270,3400
19,270,3120
20,270,3360
21,270,2920
22,270,2240
23,270,2280
24,270,2200
25,270,1920
0,272,0
1,272,0
2,272,0
3,272,0
4,272,0
5,272,0
6,272,0
7,272,0
8,272,0
9,272,0
10,272,40
11,272,80
12,272,160
13,272,480
14,272,1400
15,272,1800
16,272,2520
17,272,3240
18,272,3440
19,272,3120
20,272,3120
21,272,3240
22,272,2160
23,272,2280
24,272,2400
25,272,1880
0,274,0
1,274,0
2,274,0
3,274,0
4,274,0
5,274,0
6,274,0
7,274,0
8,274,0
9,274,0
10,274,40
11,274,40
12,274,200
13,274,480
14,274,1040
15,274,1960
16,274,2240
17,274,3120
18,274,3560
19,274,3120
20,274,3080
21,274,3280
22,274,2320
23,274,2160
24,274,2320
25,274,2160
0,276,0
1,276,0
2,276,0
3,276,0
4,276,0
5,276,0
6,276,0
7,276,0
8,276,0
9,276,0
10,276,40
11,276,0
12,276,200
13,276,400
14,276,1040
15,276,1800
16,276,2280
17,276,2600
18,276,3720
19,276,3440
20,276,2800
21,276,3200
22,276,2720
23,276,2080
24,276,2080
25,276,2200
0,278,0
1,278,0
2,278,0
3,278,0
4,278,0
5,278,0
6,278,0
7,278,0
8,278,0
9,278,0
10,278,40
11,278,0
12,278,160
13,278,440
14,278,800
15,278,1800
16,278,2320
17,278,2560
18,278,3480
19,278,3640
20,278,2640
21,278,3200
22,278,2680
23,278,2200
24,278,2120
25,278,2080
0,280,0
1,280,0
2,280,0
3,280,0
4,280,0
5,280,0
6,280,0
7,280,0
8,280,0
9,280,0
10,280,40
11,280,0
12,280,120
13,280,480
14,280,520
15,280,1800
16,280,2160
17,280,2760
18,280,3320
19,280,3400
20,280,2800
21,280,3360
22,280,2680
23,280,2000
24,280,2280
25,280,2120
0,282,0
1,282,0
2,282,0
3,282,0
4,282,0
5,282,0
6,282,0
7,282,0
8,282,0
9,282,0
10,282,40
11,282,0
12,282,120
13,282,480
14,282,240
15,282,1880
16,282,1920
17,282,2720
18,282,3160
19,282,3560
20,282,2920
21,282,3240
22,282,2680
23,282,2160
24,282,2280
25,282,2200
0,284,0
1,284,0
2,284,0
3,284,0
4,284,0
5,284,0
6,284,0
7,284,0
8,284,0
9,284,0
10,284,40
11,284,0
12,284,120
13,284,440
14,284,240
15,284,1800
16,284,1800
17,284,2600
18,284,3160
19,284,3240
20,284,3000
21,284,3160
22,284,3160
23,284,2000
24,284,2320
25,284,2360
0,286,0
1,286,0
2,286,0
3,286,0
4,286,0
5,286,0
6,286,0
7,286,0
8,286,0
9,286,0
10,286,40
11,286,0
12,286,120
13,286,320
14,286,320
15,286,1680
16,286,1680
17,286,2440
18,286,3120
19,286,3280
20,286,3160
21,286,3000
22,286,3080
23,286,2240
24,286,2120
25,286,2280
0,288,0
1,288,0
2,288,0
3,288,0
4,288,0
5,288,0
6,288,0
7,288,0
8,288,0
9,288,0
10,288,40
11,288,0
12,288,120
13,288,160
14,288,480
15,288,1440
16,288,1680
17,288,2200
18,288,2960
19,288,3600
20,288,3040
21,288,2920
22,288,3120
23,288,2520
24,288,2040
25,288,2040
0,290,0
1,290,0
2,290,0
3,290,0
4,290,0
5,290,0
6,290,0
7,290,0
8,290,0
9,290,0
10,290,0
11,290,40
12,290,120
13,290,120
14,290,480
15,290,1080
16,290,1880
17,290,2120
18,290,2640
19,290,3720
20,290,3240
21,290,2640
22,290,3120
23,290,2760
24,290,2040
25,290,2080
0,292,0
1,292,0
2,292,0
3,292,0
4,292,0
5,292,0
6,292,0
7,292,0
8,292,0
9,292,0
10,292,0
11,292,40
12,292,40
13,292,200
14,292,480
15,292,920
16,292,1640
17,292,2400
18,292,2560
19,292,3400
20,292,3520
21,292,2480
22,292,3160
23,292,2760
24,292,1920
25,292,2240
0,294,0
1,294,0
2,294,0
3,294,0
4,294,0
5,294,0
6,294,0
7,294,0
8,294,0
9,294,0
10,294,0
11,294,40
12,294,40
13,294,160
14,294,400
15,294,840
16,294,1800
17,294,2160
18,294,2560
19,294,3160
20,294,3200
21,294,2920
22,294,3240
23,294,2600
24,294,2080
25,294,2320
0,296,0
1,296,0
2,296,0
3,296,0
4,296,0
5,296,0
6,296,0
7,296,0
8,296,0
9,296,0
10,296,0
11,296,40
12,296,0
13,296,160
14,296,440
15,296,600
16,296,1800
17,296,1920
18,296,2640
19,296,2960
20,296,3440
21,296,2800
22,296,3120
23,296,2840
24,296,2160
25,296,2120
0,298,0
1,298,0
2,298,0
3,298,0
4,298,0
5,298,0
6,298,0
7,298,0
8,298,0
9,298,0
10,298,0
11,298,40
12,298,0
13,298,160
14,298,440
15,298,320
16,298,1840
17,298,1840
18,298,2480
19,298,3240
20,298,3120
21,298,2920
22,298,2920
23,298,3000
24,298,2160
25,298,2200
0,300,0
1,300,0
2,300,0
3,300,0
4,300,0
5,300,0
6,300,0
7,300,0
8,300,0
9,300,0
10,300,0
11,300,40
12,300,0
13,300,120
14,300,480
15,300,200
16,300,1840
17,300,1720
18,300,2440
19,300,2960
20,300,3200
21,300,3120
22,300,2680
23,300,3160
24,300,2280
25,300,2120
0,302,0
1,302,0
2,302,0
3,302,0
4,302,0
5,302,0
6,302,0
7,302,0
8,302,0
9,302,0
10,302,0
11,302,40
12,302,0
13,302,120
14,302,440
15,302,200
16,302,1680
17,302,1680
18,302,2240
19,302,2880
20,302,3280
21,302,3080
22,302,2640
23,302,3240
24,302,2560
25,302,1960
0,304,0
1,304,0
2,304,0
3,304,0
4,304,0
5,304,0
6,304,0
7,304,0
8,304,0
9,304,0
10,304,0
11,304,40
12,304,0
13,304,120
14,304,320
15,304,320
16,304,1440
17,304,1680
18,304,2160
19,304,2760
20,304,3360
21,304,3200
22,304,2520
23,304,3160
24,304,2720
25,304,1760
0,306,0
1,306,0
2,306,0
3,306,0
4,306,0
5,306,0
6,306,0
7,306,0
8,306,0
9,306,0
10,306,0
11,306,40
12,306,0
13,306,120
14,306,240
15,306,400
16,306,1120
17,306,1840
18,306,2120
19,306,2440
20,306,3480
21,306,3200
22,306,2480
23,306,3240
24,306,2640
25,306,1840
0,308,0
1,308,0
2,308,0
3,308,0
4,308,0
5,308,0
6,308,0
7,308,0
8,308,0
9,308,0
10,308,0
11,308,40
12,308,0
13,308,120
14,308,120
15,308,480
16,308,920
17,308,1680
18,308,2320
19,308,2360
20,308,3160
21,308,3160
22,308,2760
23,308,3240
24,308,2560
25,308,2080
0,310,0
1,310,0
2,310,0
3,310,0
4,310,0
5,310,0
6,310,0
7,310,0
8,310,0
9,310,0
10,310,0
11,310,40
12,310,0
13,310,120
14,310,120
15,310,480
16,310,840
17,310,1680
18,310,2040
19,310,2520
20,310,2840
21,310,3320
22,310,2640
23,310,3120
24,310,2760
25,310,2000
0,312,0
1,312,0
2,312,0
3,312,0
4,312,0
5,312,0
6,312,0
7,312,0
8,312,0
9,312,0
10,312,0
11,312,40
12,312,0
13,312,40
14,312,200
15,312,360
16,312,760
17,312,1760
18,312,1640
19,312,2560
20,312,3000
21,312,3160
22,312,2760
23,312,2920
24,312,2880
25,312,2240
0,314,0
1,314,0
2,314,0
3,314,0
4,314,0
5,314,0
6,314,0
7,314,0
8,314,0
9,314,0
10,314,0
11,314,0
12,314,40
13,314,40
14,314,160
15,314,400
16,314,600
17,314,1600
18,314,1800
19,314,2400
20,314,2960
21,314,3120
22,314,2800
23,314,2760
24,314,3080
25,314,2400
0,316,0
1,316,0
2,316,0
3,316,0
4,316,0
5,316,0
6,316,0
7,316,0
8,316,0
9,316,0
10,316,0
11,316,0
12,316,40
13,316,0
14,316,160
15,316,440
16,316,280
17,316,1760
18,316,1680
19,316,2320
20,316,2880
21,316,3040
22,316,3000
23,316,2560
24,316,3080
25,316,2600
0,318,0
1,318,0
2,318,0
3,318,0
4,318,0
5,318,0
6,318,0
7,318,0
8,318,0
9,318,0
10,318,0
11,318,0
12,318,40
13,318,0
14,318,160
15,318,440
16,318,200
17,318,1760
18,318,1560
19,318,2000
20,318,2680
21,318,3480
22,318,3000
23,318,2520
24,318,3160
25,318,2520
0,320,0
1,320,0
2,320,0
3,320,0
4,320,0
5,320,0
6,320,0
7,320,0
8,320,0
9,320,0
10,320,0
11,320,0
12,320,40
13,320,0
14,320,120
15,320,480
16,320,160
17,320,1520
18,320,1600
19,320,2080
20,320,2520
21,320,3400
22,320,2960
23,320,2520
24,320,3040
25,320,2680
0,322,0
1,322,0
2,322,0
3,322,0
4,322,0
5,322,0
6,322,0
7,322,0
8,322,0
9,322,0
10,322,0
11,322,0
12,322,40
13,322,0
14,322,120
15,322,400
16,322,240
17,322,1240
18,322,1760
19,322,2080
20,322,2440
21,322,3080
22,322,2880
23,322,2680
24,322,3160
25,322,2680
0,324,0
1,324,0
2,324,0
3,324,0
4,324,0
5,324,0
6,324,0
7,324,0
8,324,0
9,324,0
10,324,0
11,324,0
12,324,40
13,324,0
14,324,120
15,324,280
16,324,320
17,324,1040
18,324,1600
19,324,2280
20,324,2280
21,324,2840
22,324,3200
23,324,2600
24,324,2920
25,324,2800
0,326,0
1,326,0
2,326,0
3,326,0
4,326,0
5,326,0
6,326,0
7,326,0
8,326,0
9,326,0
10,326,0
11,326,0
12,326,40
13,326,0
14,326,120
15,326,120
16,326,480
17,326,920
18,326,1640
19,326,1920
20,326,2440
21,326,2800
22,326,3120
23,326,2720
24,326,2800
25,326,2880
0,328,0
1,328,0
2,328,0
3,328,0
4,328,0
5,328,0
6,328,0
7,328,0
8,328,0
9,328,0
10,328,0
11,328,0
12,328,40
13,328,0
14,328,120
15,328,120
16,328,480
17,328,720
18,328,1760
19,328,1640
20,328,2240
21,328,3080
22,328,2960
23,328,2760
24,328,2480
25,328,3160
0,330,0
1,330,0
2,330,0
3,330,0
4,330,0
5,330,0
6,330,0
7,330,0
8,330,0
9,330,0
10,330,0
11,330,0
12,330,40
13,330,0
14,330,120
15,330,120
16,330,400
17,330,640
18,330,1720
19,330,1600
20,330,2200
21,330,2920
22,330,2920
23,330,2960
24,330,2520
25,330,3160
0,332,0
1,332,0
2,332,0
3,332,0
4,332,0
5,332,0
6,332,0
7,332,0
8,332,0
9,332,0
10,332,0
11,332,0
12,332,40
13,332,0
14,332,80
15,332,160
16,332,360
17,332,560
18,332,1560
19,332,1720
20,332,2000
21,332,2680
22,332,3200
23,332,2840
24,332,2480
25,332,3160
0,334,0
1,334,0
2,334,0
3,334,0
4,334,0
5,334,0
6,334,0
7,334,0
8,334,0
9,334,0
10,334,0
11,334,0
12,334,40
13,334,0
14,334,40
15,334,160
16,334,400
17,334,280
18,334,1760
19,334,1520
20,334,1960
21,334,2680
22,334,3120
23,334,2920
24,334,2440
25,334,3080
0,336,0
1,336,0
2,336,0
3,336,0
4,336,0
5,336,0
6,336,0
7,336,0
8,336,0
9,336,0
10,336,0
11,336,0
12,336,40
13,336,0
14,336,40
15,336,120
16,336,440
17,336,200
18,336,1640
19,336,1520
20,336,2040
21,336,2400
22,336,3160
23,336,2920
24,336,2360
25,336,3120
0,338,0
1,338,0
2,338,0
3,338,0
4,338,0
5,338,0
6,338,0
7,338,0
8,338,0
9,338,0
10,338,0
11,338,0
12,338,0
13,338,40
14,338,0
15,338,160
16,338,440
17,338,160
18,338,1440
19,338,1560
20,338,2080
21,338,2320
22,338,2800
23,338,3040
24,338,2480
25,338,2920
0,340,0
1,340,0
2,340,0
3,340,0
4,340,0
5,340,0
6,340,0
7,340,0
8,340,0
9,340,0
10,340,0
11,340,0
12,340,0
13,340,40
14,340,0
15,340,120
16,340,440
17,340,200
18,340,1120
19,340,1600
20,340,2120
21,340,2320
22,340,2600
23,340,3120
24,340,2640
25,340,2720
0,342,0
1,342,0
2,342,0
3,342,0
4,342,0
5,342,0
6,342,0
7,342,0
8,342,0
9,342,0
10,342,0
11,342,0
12,342,0
13,342,40
14,342,0
15,342,120
16,342,320
17,342,280
18,342,1000
19,342,1600
20,342,2000
21,342,2200
22,342,2800
23,342,2840
24,342,2760
25,342,2400
0,344,0
1,344,0
2,344,0
3,344,0
4,344,0
5,344,0
6,344,0
7,344,0
8,344,0
9,344,0
10,344,0
11,344,0
12,344,0
13,344,40
14,344,0
15,344,120
16,344,240
17,344,360
18,344,920
19,344,1600
20,344,1640
21,344,2200
22,344,2960
23,344,2800
24,344,2800
25,344,2440
0,346,0
1,346,0
2,346,0
3,346,0
4,346,0
5,346,0
6,346,0
7,346,0
8,346,0
9,346,0
10,346,0
11,346,0
12,346,0
13,346,40
14,346,0
15,346,120
16,346,120
17,346,480
18,346,720
19,346,1720
20,346,1480
21,346,2160
22,346,2720
23,346,2960
24,346,2680
25,346,2480
0,348,0
1,348,0
2,348,0
3,348,0
4,348,0
5,348,0
6,348,0
7,348,0
8,348,0
9,348,0
10,348,0
11,348,0
12,348,0
13,348,40
14,348,0
15,348,120
16,348,120
17,348,440
18,348,600
19,348,1640
20,348,1520
21,348,1960
22,348,2600
23,348,3160
24,348,2680
25,348,2440
0,350,0
1,350,0
2,350,0
3,350,0
4,350,0
5,350,0
6,350,0
7,350,0
8,350,0
9,350,0
10,350,0
11,350,0
12,350,0
13,350,40
14,350,0
15,350,120
16,350,120
17,350,360
18,350,520
19,350,1560
20,350,1480
21,350,1960
22,350,2560
23,350,3120
24,350,2800
25,350,2240
0,352,0
1,352,0
2,352,0
3,352,0
4,352,0
5,352,0
6,352,0
7,352,0
8,352,0
9,352,0
10,352,0
11,352,0
12,352,0
13,352,40
14,352,0
15,352,120
16,352,120
17,352,360
18,352,280
19,352,1680
20,352,1520
21,352,1920
22,352,2400
23,352,3000
24,352,2720
25,352,2400
0,354,0
1,354,0
2,354,0
3,354,0
4,354,0
5,354,0
6,354,0
7,354,0
8,354,0
9,354,0
10,354,0
11,354,0
12,354,0
13,354,40
14,354,0
15,354,40
16,354,160
17,354,400
18,354,200
19,354,1520
20,354,1560
21,354,2000
22,354,2240
23,354,2680
24,354,3040
25,354,2480
0,356,0
1,356,0
2,356,0
3,356,0
4,356,0
5,356,0
6,356,0
7,356,0
8,356,0
9,356,0
10,356,0
11,356,0
12,356,0
13,356,40
14,356,0
15,356,40
16,356,120
17,356,440
18,356,160
19,356,1320
20,356,1520
21,356,2120
22,356,2160
23,356,2520
24,356,2880
25,356,2760
0,358,0
1,358,0
2,358,0
3,358,0
4,358,0
5,358,0
6,358,0
7,358,0
8,358,0
9,358,0
10,358,0
11,358,0
12,358,0
13,358,40
14,358,0
15,358,40
16,358,120
17,358,440
18,358,160
19,358,1080
20,358,1520
21,358,1960
22,358,2080
23,358,2840
24,358,2840
25,358,2640
0,360,0
1,360,0
2,360,0
3,360,0
4,360,0
5,360,0
6,360,0
7,360,0
8,360,0
9,360,0
10,360,0
11,360,0
12,360,0
13,360,40
14,360,0
15,360,0
16,360,120
17,360,440
18,360,200
19,360,960
20,360,1600
21,360,1680
22,360,2040
23,360,2800
24,360,2720
25,360,2720
0,362,0
1,362,0
2,362,0
3,362,0
4,362,0
5,362,0
6,362,0
7,362,0
8,362,0
9,362,0
10,362,0
11,362,0
12,362,0
13,362,0
14,362,40
15,362,0
16,362,120
17,362,320
18,362,280
19,362,920
20,362,1600
21,362,1520
22,362,2000
23,362,2600
24,362,3000
25,362,2520
0,364,0
1,364,0
2,364,0
3,364,0
4,364,0
5,364,0
6,364,0
7,364,0
8,364,0
9,364,0
10,364,0
11,364,0
12,364,0
13,364,0
14,364,40
15,364,0
16,364,120
17,364,200
18,364,400
19,364,720
20,364,1680
21,364,1440
22,364,1880
23,364,2520
24,364,2920
25,364,2800
0,366,0
1,366,0
2,366,0
3,366,0
4,366,0
5,366,0
6,366,0
7,366,0
8,366,0
9,366,0
10,366,0
11,366,0
12,366,0
13,366,0
14,366,40
15,366,0
16,366,120
17,366,120
18,366,480
19,366,560
20,366,1640
21,366,1320
22,366,1880
23,366,2560
24,366,3000
25,366,2600
0,368,0
1,368,0
2,368,0
3,368,0
4,368,0
5,368,0
6,368,0
7,368,0
8,368,0
9,368,0
10,368,0
11,368,0
12,368,0
13,368,0
14,368,40
15,368,0
16,368,120
17,368,120
18,368,440
19,368,440
20,368,1520
21,368,1520
22,368,1920
23,368,2320
24,368,2720
25,368,2880
0,370,0
1,370,0
2,370,0
3,370,0
4,370,0
5,370,0
6,370,0
7,370,0
8,370,0
9,370,0
10,370,0
11,370,0
12,370,0
13,370,0
14,370,40
15,370,0
16,370,120
17,370,120
18,370,360
19,370,360
20,370,1520
21,370,1480
22,370,1920
23,370,2280
24,370,2480
25,370,2880
0,372,0
1,372,0
2,372,0
3,372,0
4,372,0
5,372,0
6,372,0
7,372,0
8,372,0
9,372,0
10,372,0
11,372,0
12,372,0
13,372,0
14,372,40
15,372,0
16,372,120
17,372,120
18,372,360
19,372,240
20,372,1480
21,372,1480
22,372,1920
23,372,2160
24,372,2520
25,372,2720
0,374,0
1,374,0
2,374,0
3,374,0
4,374,0
5,374,0
6,374,0
7,374,0
8,374,0
9,374,0
10,374,0
11,374,0
12,374,0
13,374,0
14,374,40
15,374,0
16,374,120
17,374,120
18,374,360
19,374,160
20,374,1240
21,374,1520
22,374,1880
23,374,2120
24,374,2600
25,374,2800
0,376,0
1,376,0
2,376,0
3,376,0
4,376,0
5,376,0
6,376,0
7,376,0
8,376,0
9,376,0
10,376,0
11,376,0
12,376,0
13,376,0
14,376,40
15,376,0
16,376,40
17,376,120
18,376,440
19,376,160
20,376,1080
21,376,1520
22,376,1720
23,376,2040
24,376,2680
25,376,2680
0,378,0
1,378,0
2,378,0
3,378,0
4,378,0
5,378,0
6,378,0
7,378,0
8,378,0
9,378,0
10,378,0
11,378,0
12,378,0
13,378,0
14,378,40
15,378,0
16,378,40
17,378,120
18,378,440
19,378,160
20,378,960
21,378,1560
22,378,1640
23,378,1840
24,378,2560
25,378,2880
0,380,0
1,380,0
2,380,0
3,380,0
4,380,0
5,380,0
6,380,0
7,380,0
8,380,0
9,380,0
10,380,0
11,380,0
12,380,0
13,380,0
14,380,40
15,380,0
16,380,40
17,380,80
18,380,440
19,380,160
20,380,920
21,380,1600
22,380,1480
23,380,1800
24,380,2400
25,380,2960
0,382,0
1,382,0
2,382,0
3,382,0
4,382,0
5,382,0
6,382,0
7,382,0
8,382,0
9,382,0
10,382,0
11,382,0
12,382,0
13,382,0
14,382,40
15,382,0
16,382,0
17,382,120
18,382,320
19,382,280
20,382,800
21,382,1480
22,382,1360
23,382,1800
24,382,2520
25,382,2800
0,384,0
1,384,0
2,384,0
3,384,0
4,384,0
5,384,0
6,384,0
7,384,0
8,384,0
9,384,0
10,384,0
11,384,0
12,384,0
13,384,0
14,384,40
15,384,0
16,384,0
17,384,120
18,384,200
19,384,400
20,384,640
21,384,1560
22,384,1320
23,384,1840
24,384,2360
25,384,2600
0,386,0
1,386,0
2,386,0
3,386,0
4,386,0
5,386,0
6,386,0
7,386,0
8,386,0
9,386,0
10,386,0
11,386,0
12,386,0
13,386,0
14,386,40
15,386,0
16,386,0
17,386,120
18,386,160
19,386,400
20,386,600
21,386,1440
22,386,1360
23,386,1880
24,386,2280
25,386,2400
0,388,0
1,388,0
2,388,0
3,388,0
4,388,0
5,388,0
6,388,0
7,388,0
8,388,0
9,388,0
10,388,0
11,388,0
12,388,0
13,388,0
14,388,0
15,388,40
16,388,0
17,388,120
18,388,120
19,388,440
20,388,320
21,388,1480
22,388,1440
23,388,1880
24,388,2080
25,388,2560
0,390,0
1,390,0
2,390,0
3,390,0
4,390,0
5,390,0
6,390,0
7,390,0
8,390,0
9,390,0
10,390,0
11,390,0
12,390,0
13,390,0
14,390,0
15,390,40
16,390,0
17,390,120
18,390,120
19,390,360
20,390,280
21,390,1400
22,390,1440
23,390,1840
24,390,2040
25,390,2480
0,392,0
1,392,0
2,392,0
3,392,0
4,392,0
5,392,0
6,392,0
7,392,0
8,392,0
9,392,0
10,392,0
11,392,0
12,392,0
13,392,0
14,392,0
15,392,40
16,392,0
17,392,120
18,392,120
19,392,360
20,392,240
21,392,1200
22,392,1480
23,392,1800
24,392,1840
25,392,2600
0,394,0
1,394,0
2,394,0
3,394,0
4,394,0
5,394,0
6,394,0
7,394,0
8,394,0
9,394,0
10,394,0
11,394,0
12,394,0
13,394,0
14,394,0
15,394,40
16,394,0
17,394,120
18,394,120
19,394,360
20,394,160
21,394,1080
22,394,1520
23,394,1640
24,394,1800
25,394,2600
0,396,0
1,396,0
2,396,0
3,396,0
4,396,0
5,396,0
6,396,0
7,396,0
8,396,0
9,396,0
10,396,0
11,396,0
12,396,0
13,396,0
14,396,0
15,396,40
16,396,0
17,396,120
18,396,120
19,396,360
20,396,160
21,396,960
22,396,1560
23,396,1600
24,396,1640
25,396,2480
0,398,0
1,398,0
2,398,0
3,398,0
4,398,0
5,398,0
6,398,0
7,398,0
8,398,0
9,398,0
10,398,0
11,398,0
12,398,0
13,398,0
14,398,0
15,398,40
16,398,0
17,398,40
18,398,120
19,398,440
20,398,160
21,398,880
22,398,1600
23,398,1440
24,398,1560
25,398,2440
0,400,0
1,400,0
2,400,0
3,400,0
4,400,0
5,400,0
6,400,0
7,400,0
8,400,0
9,400,0
10,400,0
11,400,0
12,400,0
13,400,0
14,400,0
15,400,40
16,400,0
17,400,40
18,400,120
19,400,400
20,400,160
21,400,840
22,400,1480
23,400,1240
24,400,1800
25,400,2360
0,402,0
1,402,0
2,402,0
3,402,0
4,402,0
5,402,0
6,402,0
7,402,0
8,402,0
9,402,0
10,402,0
11,402,0
12,402,0
13,402,0
14,402,0
15,402,40
16,402,0
17,402,40
18,402,80
19,402,440
20,402,160
21,402,720
22,402,1560
23,402,1240
24,402,1800
25,402,2240
0,404,0
1,404,0
2,404,0
3,404,0
4,404,0
5,404,0
6,404,0
7,404,0
8,404,0
9,404,0
10,404,0
11,404,0
12,404,0
13,404,0
14,404,0
15,404,40
16,404,0
17,404,0
18,404,120
19,404,200
20,404,400
21,404,560
22,404,1560
23,404,1160
24,404,1920
25,404,2120
0,406,0
1,406,0
2,406,0
3,406,0
4,406,0
5,406,0
6,406,0
7,406,0
8,406,0
9,406,0
10,406,0
11,406,0
12,406,0
13,406,0
14,406,0
15,406,40
16,406,0
17,406,0
18,406,120
19,406,160
20,406,400
21,406,440
22,406,1360
23,406,1440
24,406,1800
25,406,1920
0,408,0
1,408,0
2,408,0
3,408,0
4,408,0
5,408,0
6,408,0
7,408,0
8,408,0
9,408,0
10,408,0
11,408,0
12,408,0
13,408,0
14,408,0
15,408,40
16,408,0
17,408,0
18,408,120
19,408,160
20,408,400
21,408,280
22,408,1400
23,408,1360
24,408,1680
25,408,1880
0,410,0
1,410,0
2,410,0
3,410,0
4,410,0
5,410,0
6,410,0
7,410,0
8,410,0
9,410,0
10,410,0
11,410,0
12,410,0
13,410,0
14,410,0
15,410,40
16,410,0
17,410,0
18,410,120
19,410,120
20,410,360
21,410,240
22,410,1320
23,410,1360
24,410,1600
25,410,1840
0,412,0
1,412,0
2,412,0
3,412,0
4,412,0
5,412,0
6,412,0
7,412,0
8,412,0
9,412,0
10,412,0
11,412,0
12,412,0
13,412,0
14,412,0
15,412,40
16,412,0
17,412,0
18,412,120
19,412,120
20,412,360
21,412,160
22,412,1160
23,412,1440
24,412,1600
25,412,1720
0,414,0
1,414,0
2,414,0
3,414,0
4,414,0
5,414,0
6,414,0
7,414,0
8,414,0
9,414,0
10,414,0
11,414,0
12,414,0
13,414,0
14,414,0
15,414,0
16,414,40
17,414,0
18,414,120
19,414,120
20,414,360
21,414,160
22,414,1000
23,414,1560
24,414,1440
25,414,1680
0,416,0
1,416,0
2,416,0
3,416,0
4,416,0
5,416,0
6,416,0
7,416,0
8,416,0
9,416,0
10,416,0
11,416,0
12,416,0
13,416,0
14,416,0
15,416,0
16,416,40
17,416,0
18,416,120
19,416,120
20,416,360
21,416,160
22,416,920
23,416,1600
24,416,1320
25,416,1600
0,418,0
1,418,0
2,418,0
3,418,0
4,418,0
5,418,0
6,418,0
7,418,0
8,418,0
9,418,0
10,418,0
11,418,0
12,418,0
13,418,0
14,418,0
15,418,0
16,418,40
17,418,0
18,418,120
19,418,120
20,418,360
21,418,160
22,418,840
23,418,1520
24,418,1200
25,418,1760
0,420,0
1,420,0
2,420,0
3,420,0
4,420,0
5,420,0
6,420,0
7,420,0
8,420,0
9,420,0
10,420,0
11,420,0
12,420,0
13,420,0
14,420,0
15,420,0
16,420,40
17,420,0
18,420,40
19,420,120
20,420,400
21,420,160
22,420,800
23,420,1480
24,420,1240
25,420,1800
0,422,0
1,422,0
2,422,0
3,422,0
4,422,0
5,422,0
6,422,0
7,422,0
8,422,0
9,422,0
10,422,0
11,422,0
12,422,0
13,422,0
14,422,0
15,422,0
16,422,40
17,422,0
18,422,40
19,422,120
20,422,400
21,422,160
22,422,640
23,422,1560
24,422,1080
25,422,1840
0,424,0
1,424,0
2,424,0
3,424,0
4,424,0
5,424,0
6,424,0
7,424,0
8,424,0
9,424,0
10,424,0
11,424,0
12,424,0
13,424,0
14,424,0
15,424,0
16,424,40
17,424,0
18,424,40
19,424,80
20,424,320
21,424,280
22,424,560
23,424,1360
24,424,1280
25,424,1720
0,426,0
1,426,0
2,426,0
3,426,0
4,426,0
5,426,0
6,426,0
7,426,0
8,426,0
9,426,0
10,426,0
11,426,0
12,426,0
13,426,0
14,426,0
15,426,0
16,426,40
17,426,0
18,426,0
19,426,120
20,426,200
21,426,360
22,426,400
23,426,1320
24,426,1320
25,426,1680
0,428,0
1,428,0
2,428,0
3,428,0
4,428,0
5,428,0
6,428,0
7,428,0
8,428,0
9,428,0
10,428,0
11,428,0
12,428,0
13,428,0
14,428,0
15,428,0
16,428,40
17,428,0
18,428,0
19,428,120
20,428,160
21,428,400
22,428,280
23,428,1240
24,428,1360
25,428,1520
0,430,0
1,430,0
2,430,0
3,430,0
4,430,0
5,430,0
6,430,0
7,430,0
8,430,0
9,430,0
10,430,0
11,430,0
12,430,0
13,430,0
14,430,0
15,430,0
16,430,40
17,430,0
18,430,0
19,430,120
20,430,160
21,430,360
22,430,200
23,430,1160
24,430,1440
25,430,1520
0,432,0
1,432,0
2,432,0
3,432,0
4,432,0
5,432,0
6,432,0
7,432,0
8,432,0
9,432,0
10,432,0
11,432,0
12,432,0
13,432,0
14,432,0
15,432,0
16,432,40
17,432,0
18,432,0
19,432,120
20,432,120
21,432,360
22,432,200
23,432,1000
24,432,1560
25,432,1440
0,434,0
1,434,0
2,434,0
3,434,0
4,434,0
5,434,0
6,434,0
7,434,0
8,434,0
9,434,0
10,434,0
11,434,0
12,434,0
13,434,0
14,434,0
15,434,0
16,434,40
17,434,0
18,434,0
19,434,120
20,434,120
21,434,360
22,434,160
23,434,1000
24,434,1520
25,434,1320
0,436,0
1,436,0
2,436,0
3,436,0
4,436,0
5,436,0
6,436,0
7,436,0
8,436,0
9,436,0
10,436,0
11,436,0
12,436,0
13,436,0
14,436,0
15,436,0
16,436,40
17,436,0
18,436,0
19,436,120
20,436,120
21,436,360
22,436,160
23,436,920
24,436,1480
25,436,1200
0,438,0
1,438,0
2,438,0
3,438,0
4,438,0
5,438,0
6,438,0
7,438,0
8,438,0
9,438,0
10,438,0
11,438,0
12,438,0
13,438,0
14,438,0
15,438,0
16,438,40
17,438,0
18,438,0
19,438,120
20,438,120
21,438,360
22,438,160
23,438,800
24,438,1480
25,438,1240
0,440,0
1,440,0
2,440,0
3,440,0
4,440,0
5,440,0
6,440,0
7,440,0
8,440,0
9,440,0
10,440,0
11,440,0
12,440,0
13,440,0
14,440,0
15,440,0
16,440,40
17,440,0
18,440,0
19,440,120
20,440,120
21,440,360
22,440,120
23,440,800
24,440,1480
25,440,1040
0,442,0
1,442,0
2,442,0
3,442,0
4,442,0
5,442,0
6,442,0
7,442,0
8,442,0
9,442,0
10,442,0
11,442,0
12,442,0
13,442,0
14,442,0
15,442,0
16,442,0
17,442,40
18,442,0
19,442,120
20,442,40
21,442,400
22,442,160
23,442,640
24,442,1440
25,442,1160
0,444,0
1,444,0
2,444,0
3,444,0
4,444,0
5,444,0
6,444,0
7,444,0
8,444,0
9,444,0
10,444,0
11,444,0
12,444,0
13,444,0
14,444,0
15,444,0
16,444,0
17,444,40
18,444,0
19,444,40
20,444,120
21,444,400
22,444,160
23,444,480
24,444,1320
25,444,1240
0,446,0
1,446,0
2,446,0
3,446,0
4,446,0
5,446,0
6,446,0
7,446,0
8,446,0
9,446,0
10,446,0
11,446,0
12,446,0
13,446,0
14,446,0
15,446,0
16,446,0
17,446,40
18,446,0
19,446,40
20,446,80
21,446,240
22,446,320
23,446,400
24,446,1240
25,446,1320
0,448,0
1,448,0
2,448,0
3,448,0
4,448,0
5,448,0
6,448,0
7,448,0
8,448,0
9,448,0
10,448,0
11,448,0
12,448,0
13,448,0
14,448,0
15,448,0
16,448,0
17,448,40
18,448,0
19,448,40
20,448,80
21,448,200
22,448,360
23,448,280
24,448,1160
25,448,1400
0,450,0
1,450,0
2,450,0
3,450,0
4,450,0
5,450,0
6,450,0
7,450,0
8,450,0
9,450,0
10,450,0
11,450,0
12,450,0
13,450,0
14,450,0
15,450,0
16,450,0
17,450,40
18,450,0
19,450,0
20,450,120
21,450,160
22,450,400
23,450,200
24,450,1080
25,450,1480
0,452,0
1,452,0
2,452,0
3,452,0
4,452,0
5,452,0
6,452,0
7,452,0
8,452,0
9,452,0
10,452,0
11,452,0
12,452,0
13,452,0
14,452,0
15,452,0
16,452,0
17,452,40
18,452,0
19,452,0
20,452,120
21,452,160
22,452,320
23,452,240
24,452,960
25,452,1560
0,454,0
1,454,0
2,454,0
3,454,0
4,454,0
5,454,0
6,454,0
7,454,0
8,454,0
9,454,0
10,454,0
11,454,0
12,454,0
13,454,0
14,454,0
15,454,0
16,454,0
17,454,40
18,454,0
19,454,0
20,454,120
21,454,120
22,454,360
23,454,160
24,454,960
25,454,1560
0,456,0
1,456,0
2,456,0
3,456,0
4,456,0
5,456,0
6,456,0
7,456,0
8,456,0
9,456,0
10,456,0
11,456,0
12,456,0
13,456,0
14,456,0
15,456,0
16,456,0
17,456,40
18,456,0
19,456,0
20,456,120
21,456,120
22,456,360
23,456,160
24,456,920
25,456,1440
0,458,0
1,458,0
2,458,0
3,458,0
4,458,0
5,458,0
6,458,0
7,458,0
8,458,0
9,458,0
10,458,0
11,458,0
12,458,0
13,458,0
14,458,0
15,458,0
16,458,0
17,458,40
18,458,0
19,458,0
20,458,120
21,458,120
22,458,360
23,458,160
24,458,800
25,458,1480
0,460,0
1,460,0
2,460,0
3,460,0
4,460,0
5,460,0
6,460,0
7,460,0
8,460,0
9,460,0
10,460,0
11,460,0
12,460,0
13,460,0
14,460,0
15,460,0
16,460,0
17,460,40
18,460,0
19,460,0
20,460,120
21,460,120
22,460,360
23,460,120
24,460,800
25,460,1480
0,462,0
1,462,0
2,462,0
3,462,0
4,462,0
5,462,0
6,462,0
7,462,0
8,462,0
9,462,0
10,462,0
11,462,0
12,462,0
13,462,0
14,462,0
15,462,0
16,462,0
17,462,40
18,462,0
19,462,0
20,462,120
21,462,120
22,462,360
23,462,120
24,462,640
25,462,1400
0,464,0
1,464,0
2,464,0
3,464,0
4,464,0
5,464,0
6,464,0
7,464,0
8,464,0
9,464,0
10,464,0
11,464,0
12,464,0
13,464,0
14,464,0
15,464,0
16,464,0
17,464,40
18,464,0
19,464,0
20,464,120
21,464,120
22,464,320
23,464,160
24,464,520
25,464,1280
0,466,0
1,466,0
2,466,0
3,466,0
4,466,0
5,466,0
6,466,0
7,466,0
8,466,0
9,466,0
10,466,0
11,466,0
12,466,0
13,466,0
14,466,0
15,466,0
16,466,0
17,466,40
18,466,0
19,466,0
20,466,120
21,466,40
22,466,400
23,466,160
24,466,440
25,466,1120
0,468,0
1,468,0
2,468,0
3,468,0
4,468,0
5,468,0
6,468,0
7,468,0
8,468,0
9,468,0
10,468,0
11,468,0
12,468,0
13,468,0
14,468,0
15,468,0
16,468,0
17,468,0
18,468,40
19,468,0
20,468,40
21,468,120
22,468,200
23,468,320
24,468,280
25,468,1120
0,470,0
1,470,0
2,470,0
3,470,0
4,470,0
5,470,0
6,470,0
7,470,0
8,470,0
9,470,0
10,470,0
11,470,0
12,470,0
13,470,0
14,470,0
15,470,0
16,470,0
17,470,0
18,470,40
19,470,0
20,470,40
21,470,80
22,470,200
23,470,360
24,470,200
25,470,1120
0,472,0
1,472,0
2,472,0
3,472,0
4,472,0
5,472,0
6,472,0
7,472,0
8,472,0
9,472,0
10,472,0
11,472,0
12,472,0
13,472,0
14,472,0
15,472,0
16,472,0
17,472,0
18,472,40
19,472,0
20,472,40
21,472,80
22,472,160
23,472,400
24,472,160
25,472,920
0,474,0
1,474,0
2,474,0
3,474,0
4,474,0
5,474,0
6,474,0
7,474,0
8,474,0
9,474,0
10,474,0
11,474,0
12,474,0
13,474,0
14,474,0
15,474,0
16,474,0
17,474,0
18,474,40
19,474,0
20,474,0
21,474,120
22,474,160
23,474,320
24,474,200
25,474,920
0,476,0
1,476,0
2,476,0
3,476,0
4,476,0
5,476,0
6,476,0
7,476,0
8,476,0
9,476,0
10,476,0
11,476,0
12,476,0
13,476,0
14,476,0
15,476,0
16,476,0
17,476,0
18,476,40
19,476,0
20,476,0
21,476,120
22,476,160
23,476,320
24,476,160
25,476,920
0,478,0
1,478,0
2,478,0
3,478,0
4,478,0
5,478,0
6,478,0
7,478,0
8,478,0
9,478,0
10,478,0
11,478,0
12,478,0
13,478,0
14,478,0
15,478,0
16,478,0
17,478,0
18,478,40
19,478,0
20,478,0
21,478,120
22,478,120
23,478,360
24,478,160
25,478,800
0,480,0
1,480,0
2,480,0
3,480,0
4,480,0
5,480,0
6,480,0
7,480,0
8,480,0
9,480,0
10,480,0
11,480,0
12,480,0
13,480,0
14,480,0
15,480,0
16,480,0
17,480,0
18,480,40
19,480,0
20,480,0
21,480,120
22,480,120
23,480,360
24,480,120
25,480,800
0,482,0
1,482,0
2,482,0
3,482,0
4,482,0
5,482,0
6,482,0
7,482,0
8,482,0
9,482,0
10,482,0
11,482,0
12,482,0
13,482,0
14,482,0
15,482,0
16,482,0
17,482,0
18,482,40
19,482,0
20,482,0
21,482,120
22,482,120
23,482,360
24,482,120
25,482,720
0,484,0
1,484,0
2,484,0
3,484,0
4,484,0
5,484,0
6,484,0
7,484,0
8,484,0
9,484,0
10,484,0
11,484,0
12,484,0
13,484,0
14,484,0
15,484,0
16,484,0
17,484,0
18,484,40
19,484,0
20,484,0
21,484,120
22,484,120
23,484,360
24,484,120
25,484,600
0,486,0
1,486,0
2,486,0
3,486,0
4,486,0
5,486,0
6,486,0
7,486,0
8,486,0
9,486,0
10,486,0
11,486,0
12,486,0
13,486,0
14,486,0
15,486,0
16,486,0
17,486,0
18,486,40
19,486,0
20,486,0
21,486,120
22,486,120
23,486,320
24,486,160
25,486,480
0,488,0
1,488,0
2,488,0
3,488,0
4,488,0
5,488,0
6,488,0
7,488,0
8,488,0
9,488,0
10,488,0
11,488,0
12,488,0
13,488,0
14,488,0
15,488,0
16,488,0
17,488,0
18,488,40
19,488,0
20,488,0
21,488,120
22,488,80
23,488,360
24,488,120
25,488,360
0,490,0
1,490,0
2,490,0
3,490,0
4,490,0
5,490,0
6,490,0
7,490,0
8,490,0
9,490,0
10,490,0
11,490,0
12,490,0
13,490,0
14,490,0
15,490,0
16,490,0
17,490,0
18,490,40
19,490,0
20,490,0
21,490,120
22,490,40
23,490,320
24,490,200
25,490,280
0,492,0
1,492,0
2,492,0
3,492,0
4,492,0
5,492,0
6,492,0
7,492,0
8,492,0
9,492,0
10,492,0
11,492,0
12,492,0
13,492,0
14,492,0
15,492,0
16,492,0
17,492,0
18,492,40
19,492,0
20,492,0
21,492,40
22,492,120
23,492,200
24,492,320
25,492,200
0,494,0
1,494,0
2,494,0
3,494,0
4,494,0
5,494,0
6,494,0
7,494,0
8,494,0
9,494,0
10,494,0
11,494,0
12,494,0
13,494,0
14,494,0
15,494,0
16,494,0
17,494,0
18,494,40
19,494,0
20,494,0
21,494,40
22,494,80
23,494,160
24,494,400
25,494,160
0,496,0
1,496,0
2,496,0
3,496,0
4,496,0
5,496,0
6,496,0
7,496,0
8,496,0
9,496,0
10,496,0
11,496,0
12,496,0
13,496,0
14,496,0
15,496,0
16,496,0
17,496,0
18,496,40
19,496,0
20,496,0
21,496,40
22,496,80
23,496,160
24,496,320
25,496,200
0,498,0
1,498,0
2,498,0
3,498,0
4,498,0
5,498,0
6,498,0
7,498,0
8,498,0
9,498,0
10,498,0
11,498,0
12,498,0
13,498,0
14,498,0
15,498,0
16,498,0
17,498,0
18,498,0
19,498,40
20,498,0
21,498,0
22,498,120
23,498,160
24,498,320
25,498,160
0,500,0
1,500,0
2,500,0
3,500,0
4,500,0
5,500,0
6,500,0
7,500,0
8,500,0
9,500,0
10,500,0
11,500,0
12,500,0
13,500,0
14,500,0
15,500,0
16,500,0
17,500,0
18,500,0
19,500,40
20,500,0
21,500,0
22,500,120
23,500,160
24,500,320
25,500,160
